"2021","ETC",387,145,193,49,0,0,23,45,6,313,52,61,59,66,47,58,44,12,14,4,6,4,6,2,10,14,17,10,16,19,23,21,35,30,23,23,21,16,28,14,19,0,0
"2021","서울노원",22,5,11,6,0,0,7,11,1,3,3,1,6,2,3,5,2,2,1,0,0,0,1,2,0,1,1,1,0,1,0,2,0,0,2,2,1,1,2,1,1,3193595,1046010
"2021","진천",1,0,1,0,0,0,0,1,0,0,0,0,0,0,0,0,1,0,0,0,0,0,0,0,0,0,0,0,0,0,0,0,0,0,0,0,1,0,0,0,0,0,0
"2021","삼척",2,2,0,0,0,0,0,2,0,0,0,0,0,2,0,0,0,0,0,0,0,0,0,2,0,0,0,0,0,0,0,0,0,0,0,0,0,0,0,0,0,0,0
"2021","가평",1,0,1,0,0,0,0,1,0,0,0,0,0,0,1,0,0,0,0,0,0,0,1,0,0,0,0,0,0,0,0,0,0,0,0,0,0,0,0,0,0,0,0
"2021","구리",2,1,1,0,0,0,0,2,0,0,0,0,1,0,0,1,0,0,0,0,0,0,0,0,0,0,1,0,0,0,0,0,0,0,0,0,0,0,1,0,0,0,0
"2021","일산동부",17,1,14,2,0,0,3,10,4,0,4,0,0,7,2,3,1,0,0,0,0,1,0,0,0,0,1,0,1,0,0,0,0,0,1,4,2,4,2,0,1,0,0
"2021","용인서부",8,0,6,2,0,0,3,4,1,0,1,1,1,2,1,2,0,0,0,0,0,0,0,0,0,0,0,0,0,2,0,2,0,0,0,0,0,1,0,1,2,0,0
"2021","서울양천",19,3,15,1,0,0,3,12,2,2,7,5,1,2,1,0,3,0,0,3,0,0,0,0,0,0,0,0,8,2,4,0,0,0,0,0,2,0,0,0,0,3563309,907664
"2021","안성",12,0,12,0,0,0,1,4,6,1,0,0,1,2,7,1,1,1,0,0,0,0,1,3,0,0,0,1,0,1,1,0,0,1,0,0,0,0,3,0,0,0,0
"2021","안산상록",13,1,12,0,0,0,1,9,0,3,0,5,1,1,1,5,0,0,0,0,0,0,0,0,0,0,0,2,2,0,3,1,1,0,0,1,1,0,2,0,0,0,0
"2021","경상남도고성",1,0,1,0,0,0,0,1,0,0,0,0,0,0,1,0,0,0,0,0,0,0,0,0,0,0,0,0,0,1,0,0,0,0,0,0,0,0,0,0,0,0,0
"2021","부산해운대",7,1,3,3,0,0,0,6,1,0,4,0,0,0,0,3,0,0,1,0,0,0,0,0,1,1,0,0,0,1,0,2,0,0,0,0,0,0,0,0,1,0,0
"2021","하동",2,0,1,1,0,0,0,1,1,0,0,1,0,0,0,1,0,0,0,0,0,0,0,0,0,0,0,0,0,0,1,0,0,0,0,1,0,0,0,0,0,0,0
"2021","여주",1,0,1,0,0,0,0,1,0,0,0,0,0,0,0,1,0,0,0,0,0,0,0,0,0,0,0,0,0,0,0,0,0,0,0,1,0,0,0,0,0,0,0
"2021","인천중부",6,3,3,0,0,0,2,4,0,0,1,0,2,0,0,2,1,0,0,0,1,0,0,0,0,0,0,0,1,0,0,0,0,1,0,2,1,0,0,0,0,0,0
"2021","부산동래",7,3,4,0,0,0,2,4,0,1,1,0,3,1,0,2,0,0,0,0,0,0,0,0,0,0,0,0,0,0,1,1,0,1,0,2,0,0,1,0,1,0,0
"2021","거제",5,3,1,1,0,0,0,3,0,2,1,0,0,2,0,2,0,0,0,0,0,0,0,0,0,0,0,0,1,0,0,1,1,0,0,0,1,0,0,1,0,0,0
"2021","서울서부",6,1,5,0,0,0,0,2,2,2,1,0,0,1,3,0,1,0,0,0,0,0,0,0,0,0,0,0,0,1,0,0,0,2,1,0,0,1,0,0,1,3145893,585880
"2021","시흥",16,8,7,1,0,0,3,8,1,4,0,3,3,8,2,0,0,1,0,0,1,0,1,0,0,1,1,1,3,0,0,0,0,0,1,1,2,0,0,2,1,0,0
"2021","경기남부청",1,0,1,0,0,0,1,0,0,0,0,0,0,0,1,0,0,0,0,0,0,0,0,0,1,0,0,0,0,0,0,0,0,0,0,0,0,0,0,0,0,0,0
"2021","부산진",16,5,9,2,0,0,2,10,2,2,0,2,1,6,3,3,1,0,0,0,0,0,0,0,0,0,0,0,1,0,2,0,2,0,2,0,3,1,0,4,1,0,0
"2021","아산",9,5,4,0,0,0,0,3,3,3,0,1,1,2,3,0,2,1,0,0,1,1,0,1,0,0,0,2,0,1,0,0,0,0,0,0,0,1,1,0,0,0,0
"2021","평택",24,7,12,5,0,0,4,15,5,0,3,4,3,2,5,5,2,0,1,0,0,2,0,0,1,1,1,1,1,1,1,3,1,3,1,5,0,0,0,0,1,0,0
"2021","고창",1,0,1,0,0,0,0,1,0,0,0,0,0,0,0,0,1,0,0,0,0,0,0,0,0,0,0,1,0,0,0,0,0,0,0,0,0,0,0,0,0,0,0
"2021","인천논현",13,9,4,0,0,0,1,10,2,0,5,0,0,2,0,5,1,0,0,0,0,0,0,0,1,0,0,2,0,1,0,0,1,0,1,1,2,0,0,1,3,0,0
"2021","수원서부",9,5,2,2,0,1,2,6,0,0,2,0,1,0,1,2,3,0,0,0,0,0,0,0,0,0,0,1,1,0,0,1,0,0,0,0,0,5,1,0,0,0,0
"2021","부산금정",4,2,1,1,0,0,0,4,0,0,0,2,0,0,1,0,1,0,0,0,0,0,0,0,0,0,0,0,0,0,1,0,1,0,1,0,0,0,1,0,0,0,0
"2021","대구성서",8,1,7,0,0,0,3,5,0,0,1,2,2,0,1,1,1,0,0,0,0,0,0,0,0,0,0,0,0,0,1,2,0,1,1,0,0,1,2,0,0,0,0
"2021","전주완산",9,5,4,0,0,0,0,4,1,4,0,2,2,2,0,3,0,1,0,0,0,1,0,0,0,0,0,0,1,1,1,0,0,0,1,0,0,1,0,1,1,0,0
"2021","서울광진",13,6,7,0,0,0,4,6,2,1,2,2,0,5,3,0,1,1,0,0,1,0,0,0,0,0,1,1,0,0,0,1,2,2,1,0,2,0,0,1,0,3066952,693092
"2021","일산서부",14,7,4,3,0,0,6,6,1,1,3,1,3,2,1,3,1,0,0,0,0,0,0,0,0,2,1,1,1,0,0,0,0,1,0,2,1,2,2,0,1,0,0
"2021","오산",9,1,4,4,0,0,2,5,1,1,0,3,1,1,3,0,1,0,1,0,0,0,0,0,0,0,0,0,0,0,0,2,0,1,4,0,0,1,0,0,0,0,0
"2021","제주서부",12,8,1,3,0,0,2,7,1,2,0,0,2,4,0,4,2,0,0,0,0,0,0,0,0,0,0,1,1,0,0,0,3,0,1,3,0,0,1,1,1,0,0
"2021","경북청",1,0,1,0,0,0,1,0,0,0,0,0,1,0,0,0,0,0,0,0,0,0,0,0,0,0,0,0,0,0,0,0,0,0,1,0,0,0,0,0,0,0,0
"2021","서울영등포",19,4,13,2,0,0,7,11,1,0,0,3,1,5,1,8,1,0,0,1,0,0,0,0,0,1,0,0,1,3,1,0,0,3,1,1,2,1,1,0,3,3548012,2206586
"2021","대구동부",10,3,5,2,0,0,2,8,0,0,1,0,4,1,1,2,1,0,1,0,0,0,0,0,0,0,0,0,1,1,0,1,1,1,0,1,0,0,0,1,2,0,0
"2021","사천",2,1,1,0,0,0,0,2,0,0,0,0,0,1,1,0,0,1,0,0,0,0,0,0,0,0,0,0,0,0,0,0,0,0,1,0,0,0,0,0,0,0,0
"2021","경남청",1,0,1,0,0,0,1,0,0,0,0,0,0,0,1,0,0,0,0,0,0,0,0,0,0,0,0,0,0,0,0,0,0,0,0,1,0,0,0,0,0,0,0
"2021","과천",1,0,0,1,0,0,1,0,0,0,0,0,1,0,0,0,0,0,0,0,0,0,0,0,0,0,0,0,0,0,0,0,0,0,0,0,0,0,1,0,0,0,0
"2021","공주",3,1,2,0,0,0,0,3,0,0,0,0,0,0,1,0,2,0,0,0,0,0,0,0,0,0,0,1,0,0,0,0,0,0,0,0,0,2,0,0,0,0,0
"2021","대전청",1,0,0,1,0,0,1,0,0,0,1,0,0,0,0,0,0,0,0,0,0,0,0,0,0,0,0,0,0,0,0,0,0,1,0,0,0,0,0,0,0,0,0
"2021","대구서부",8,7,1,0,0,0,0,7,1,0,1,3,3,0,1,0,0,0,0,0,0,0,0,0,0,1,0,2,0,1,0,0,1,0,0,0,1,0,1,0,1,0,0
"2021","부천원미",32,19,11,2,0,0,7,17,4,4,0,15,2,0,0,10,5,0,0,0,4,1,0,0,0,2,1,1,2,1,3,5,3,2,0,2,1,0,0,3,1,0,0
"2021","양산",9,2,5,2,0,0,0,6,3,0,0,0,0,4,2,0,3,0,0,0,0,0,1,0,0,0,2,1,0,1,0,0,0,0,3,1,0,0,0,0,0,0,0
"2021","서산",4,1,3,0,0,0,0,3,0,1,0,0,2,0,1,1,0,0,0,0,0,0,0,0,0,0,0,1,0,0,0,2,0,0,0,0,0,0,0,1,0,0,0
"2021","서울방배",4,1,1,2,0,0,1,1,1,1,2,0,1,0,1,0,0,1,0,0,0,0,0,0,0,0,1,0,0,0,1,0,0,0,0,0,0,0,1,0,0,4451779,271122
"2021","서울용산",16,4,8,4,0,0,2,11,1,2,4,1,6,1,1,3,0,0,0,0,0,0,0,0,0,0,0,1,1,3,0,0,2,2,0,1,3,1,0,2,0,3783427,1116274
"2021","대구남부",5,2,0,3,0,0,1,2,0,2,2,1,0,0,0,0,2,0,0,1,0,0,0,0,0,0,0,0,0,0,0,0,0,0,0,0,1,0,0,3,0,0,0
"2021","서울동대문",17,9,5,3,0,0,3,12,1,1,3,2,2,1,5,4,0,0,0,0,0,0,1,0,1,2,1,1,1,0,2,0,4,0,0,0,0,0,3,0,1,3011303,747104
"2021","완주",2,0,1,1,0,0,0,1,1,0,0,0,0,0,0,1,1,0,0,1,0,0,0,0,0,0,0,0,0,0,0,0,0,0,0,0,0,0,0,1,0,0,0
"2021","인천계양",12,5,5,2,0,0,2,9,1,0,4,2,1,2,1,1,1,0,0,0,0,0,0,0,0,0,0,2,0,0,1,0,4,1,0,0,0,3,1,0,0,0,0
"2021","서울동작",18,5,9,4,0,0,4,10,2,2,0,3,1,3,4,5,2,1,2,0,0,1,0,0,0,1,1,1,2,0,0,0,2,0,3,1,0,2,1,0,0,3436506,991656
"2021","춘천",8,5,2,1,0,0,2,4,2,0,0,5,1,0,1,0,1,0,0,0,0,0,0,0,0,2,0,0,1,0,0,0,0,3,0,0,0,1,1,0,0,0,0
"2021","인천미추홀",12,3,7,2,0,1,0,7,1,3,3,1,1,3,3,0,1,0,0,0,2,0,0,1,0,0,1,0,0,0,0,0,0,1,2,0,0,1,1,2,1,0,0
"2021","안동",1,0,0,1,0,0,0,0,0,1,0,0,0,0,0,1,0,0,0,0,0,0,0,0,0,0,0,0,0,0,1,0,0,0,0,0,0,0,0,0,0,0,0
"2021","화성동탄",10,2,7,1,0,0,1,4,4,1,1,0,0,0,9,0,0,0,1,0,0,0,0,0,0,0,0,1,1,2,0,0,0,0,1,0,0,0,2,2,0,0,0
"2021","포항남부",5,0,4,1,0,0,2,1,2,0,1,1,1,0,0,2,0,0,0,0,0,0,0,0,0,0,1,0,0,1,0,0,0,2,0,0,1,0,0,0,0,0,0
"2021","서울성동",11,4,6,1,0,1,4,6,0,0,1,2,1,3,1,0,3,1,0,1,1,0,0,0,0,1,0,1,0,1,1,1,2,0,0,0,0,0,1,0,0,3535332,789908
"2021","안양동안",11,2,8,1,0,0,4,3,1,3,2,0,3,2,3,1,0,1,0,0,0,0,0,0,2,0,0,0,0,3,0,1,0,0,0,0,2,0,0,2,0,0,0
"2021","천안서북",11,4,7,0,0,0,1,8,2,0,0,4,0,1,2,4,0,0,0,0,0,0,0,0,0,0,1,0,1,1,0,0,2,1,2,0,1,0,1,0,1,0,0
"2021","여수",4,1,2,1,0,1,2,1,0,0,0,0,0,2,1,0,1,0,0,0,0,0,0,0,0,0,1,0,0,2,0,0,0,0,0,0,1,0,0,0,0,0,0
"2021","강진",1,0,1,0,0,0,0,1,0,0,0,1,0,0,0,0,0,0,0,0,0,0,0,0,0,0,0,0,0,0,0,0,0,0,0,0,0,0,0,1,0,0,0
"2021","김해중부",17,5,9,3,0,0,3,10,3,1,1,3,3,2,4,2,2,0,0,0,0,0,0,1,2,0,0,0,1,1,0,1,2,4,1,0,1,0,0,1,2,0,0
"2021","부산북부",4,0,4,0,0,0,2,2,0,0,0,2,1,0,0,1,0,0,0,0,0,0,0,0,0,0,0,0,0,0,0,0,0,0,1,0,2,0,0,0,1,0,0
"2021","서울구로",29,12,14,3,0,0,6,15,5,3,4,3,3,5,3,6,5,0,0,1,0,0,3,0,0,1,1,0,1,1,2,1,3,5,5,0,0,0,1,2,2,2890323,956672
"2021","김천",3,2,0,1,0,0,0,3,0,0,0,0,2,0,0,0,1,0,0,0,0,0,0,0,0,0,0,0,0,0,0,0,0,1,0,0,2,0,0,0,0,0,0
"2021","밀양",3,0,3,0,0,0,0,1,1,1,0,0,1,0,2,0,0,0,0,0,0,0,0,2,0,0,0,0,0,0,0,0,0,0,0,0,0,0,0,1,0,0,0
"2021","영동",1,1,0,0,0,0,0,1,0,0,1,0,0,0,0,0,0,0,0,0,0,0,0,0,0,0,1,0,0,0,0,0,0,0,0,0,0,0,0,0,0,0,0
"2021","울산울주",4,2,2,0,0,0,0,3,0,1,0,0,0,3,0,1,0,0,0,0,0,0,0,0,0,0,1,0,0,0,0,1,0,0,0,0,1,1,0,0,0,0,0
"2021","고흥",2,0,2,0,0,0,0,0,2,0,0,0,0,0,0,2,0,0,0,0,0,0,0,0,0,0,0,0,0,0,0,1,1,0,0,0,0,0,0,0,0,0,0
"2021","전주덕진",13,4,9,0,0,0,0,8,1,4,0,5,2,3,1,2,0,0,0,0,0,0,0,0,1,0,0,1,1,0,0,1,0,0,0,2,1,3,2,1,0,0,0
"2021","서울남대문",3,2,1,0,0,0,0,3,0,0,0,0,0,1,1,0,1,0,0,0,0,0,0,0,0,0,1,0,0,1,0,0,0,0,0,0,0,0,1,0,0,4346515,107118
"2021","원주",7,2,4,1,0,0,0,4,0,3,0,1,2,0,1,2,1,0,0,0,0,0,0,0,0,0,0,1,1,1,0,0,0,1,0,2,0,1,0,0,0,0,0
"2021","청주흥덕",2,0,2,0,0,0,0,1,0,1,0,0,0,0,1,1,0,0,0,0,0,0,0,0,0,0,1,0,1,0,0,0,0,0,0,0,0,0,0,0,0,0,0
"2021","부산영도",3,1,2,0,0,0,1,2,0,0,1,0,0,0,0,1,1,1,0,0,0,0,0,0,0,0,0,1,0,0,0,1,0,0,0,0,0,0,0,0,0,0,0
"2021","마산동부",5,4,1,0,0,0,0,3,1,1,1,2,1,1,0,0,0,0,0,0,0,0,0,0,0,0,0,1,2,1,0,0,0,1,0,0,0,0,0,0,0,0,0
"2021","인천부평",10,0,9,1,0,0,2,8,0,0,0,2,1,5,1,0,1,3,0,0,1,0,0,0,0,0,1,0,1,0,0,0,0,1,0,2,0,0,0,0,1,0,0
"2021","고양",24,11,11,2,0,0,4,12,3,5,1,2,2,9,1,3,6,3,0,0,0,2,1,0,1,0,3,0,0,0,1,2,2,1,0,1,0,1,3,2,1,0,0
"2021","파주",9,1,7,1,0,0,3,6,0,0,2,1,1,0,0,4,1,1,0,0,0,0,0,0,0,0,0,1,1,2,0,1,2,0,0,1,0,0,0,0,0,0,0
"2021","서울종로",8,1,7,0,0,0,0,8,0,0,0,1,3,2,1,1,0,0,0,0,0,0,0,0,0,0,1,2,0,0,1,1,0,1,0,1,0,0,1,0,0,3864182,1168630
"2021","부산중부",2,2,0,0,0,1,0,1,0,0,0,0,0,0,0,0,2,0,0,0,0,0,0,0,0,0,0,0,0,0,0,0,1,0,1,0,0,0,0,0,0,0,0
"2021","동두천",6,2,4,0,0,0,1,3,0,2,2,1,2,0,0,1,0,0,0,0,0,0,0,0,0,0,1,0,0,0,0,0,0,3,0,2,0,0,0,0,0,0,0
"2021","서울서대문",17,3,13,1,0,0,0,8,6,3,1,4,3,1,4,3,1,0,0,0,0,0,0,0,0,0,0,3,3,1,1,0,2,1,1,1,2,1,0,1,0,3943923,1022220
"2021","서울은평",13,2,11,0,0,0,1,12,0,0,2,4,0,0,2,0,5,0,0,0,0,0,3,2,0,0,0,1,0,0,2,0,1,0,0,1,0,0,1,1,1,2822178,567514
"2021","서울종암",5,3,2,0,0,0,1,2,1,1,0,1,1,1,1,0,1,0,1,0,0,0,0,0,0,0,0,1,0,0,1,2,0,0,0,0,0,0,0,0,0,3107409,448038
"2021","서울중부",7,2,4,1,0,0,2,5,0,0,1,4,0,0,1,1,0,0,0,0,0,0,0,0,0,0,0,1,0,0,0,0,2,1,0,2,0,1,0,0,0,3473932,660522
"2021","서울강동",18,2,14,2,0,0,2,9,1,6,2,4,3,3,1,2,3,1,0,2,0,0,1,0,0,0,1,1,1,3,3,0,0,1,1,1,0,1,1,0,0,3336210,989750
"2021","영천",1,0,1,0,0,0,0,1,0,0,0,0,0,0,0,1,0,0,0,0,0,0,0,0,0,0,1,0,0,0,0,0,0,0,0,0,0,0,0,0,0,0,0
"2021","의왕",4,2,1,1,0,0,0,3,0,1,1,1,1,0,0,0,1,1,0,0,0,0,0,0,0,0,0,1,0,0,0,0,1,0,0,1,0,0,0,0,0,0,0
"2021","서울서초",37,11,21,5,0,0,8,23,1,5,4,5,6,2,9,7,4,0,1,0,1,0,1,3,2,2,1,1,2,1,4,2,0,1,5,1,6,1,2,0,0,4862372,847760
"2021","부산연제",5,4,1,0,0,0,2,2,1,0,0,0,1,1,1,2,0,0,0,0,0,0,0,1,0,0,0,0,2,0,1,1,0,0,0,0,0,0,0,0,0,0,0
"2021","안양만안",6,1,4,1,0,0,1,5,0,0,0,2,1,1,2,0,0,0,0,0,0,0,0,0,0,0,0,0,0,1,2,0,1,0,0,0,1,1,0,0,0,0,0
"2021","부산사상",5,2,2,1,0,0,0,2,0,3,1,3,0,0,0,1,0,0,0,0,0,0,0,0,0,1,1,1,0,0,0,0,0,0,0,0,1,0,0,0,1,0,0
"2021","교통과",2,0,2,0,0,0,2,0,0,0,0,0,0,0,2,0,0,0,0,0,0,0,0,0,0,0,0,0,0,0,0,0,0,0,2,0,0,0,0,0,0,0,0
"2021","홍성",2,0,2,0,0,0,0,2,0,0,0,0,1,0,1,0,0,0,0,0,0,0,0,0,0,0,0,0,0,0,1,0,0,0,0,0,0,0,1,0,0,0,0
"2021","서울도봉",15,1,12,2,0,0,2,5,2,6,3,7,0,3,0,2,0,1,1,3,0,0,1,0,0,1,1,0,0,0,2,1,0,0,1,0,0,2,1,0,0,2713315,650526
"2021","연천",2,0,2,0,0,0,0,2,0,0,1,0,0,0,0,0,1,0,0,0,0,0,0,0,0,0,0,0,0,1,0,0,1,0,0,0,0,0,0,0,0,0,0
"2021","장흥",1,1,0,0,0,0,0,1,0,0,0,0,0,0,1,0,0,0,0,0,0,0,0,0,0,0,1,0,0,0,0,0,0,0,0,0,0,0,0,0,0,0,0
"2021","청주청원",8,4,3,1,0,0,0,5,0,3,1,0,0,0,1,2,4,1,0,0,0,2,0,0,0,0,1,0,0,0,0,0,1,0,0,0,0,1,0,0,2,0,0
"2021","목포",6,3,3,0,0,0,0,5,1,0,1,1,1,0,2,0,1,0,1,0,0,0,0,0,0,1,0,0,1,0,1,0,0,0,0,0,0,0,2,0,0,0,0
"2021","함안",3,3,0,0,0,0,0,2,0,1,0,0,2,0,0,0,1,0,0,0,0,0,0,0,0,0,0,0,0,0,0,0,0,1,0,2,0,0,0,0,0,0,0
"2021","대전중부",7,2,3,2,0,0,0,4,1,2,1,1,0,1,0,2,2,0,0,1,0,1,0,0,0,0,0,0,1,0,0,0,1,2,1,0,0,0,0,0,0,0,0
"2021","마산중부",2,1,1,0,0,0,0,2,0,0,0,1,0,1,0,0,0,0,0,0,0,0,0,0,0,0,0,0,0,0,0,0,1,0,0,1,0,0,0,0,0,0,0
"2021","남해",1,1,0,0,0,0,0,1,0,0,0,1,0,0,0,0,0,0,0,0,0,0,0,0,0,0,0,1,0,0,0,0,0,0,0,0,0,0,0,0,0,0,0
"2021","천안동남",6,3,2,1,0,0,1,5,0,0,0,3,1,1,0,0,1,0,0,0,0,0,0,0,0,0,0,0,1,1,0,0,0,1,0,1,0,0,0,2,0,0,0
"2021","속초",3,0,3,0,0,0,0,3,0,0,0,1,0,0,1,1,0,0,0,0,0,0,0,0,0,0,0,1,0,0,0,0,0,0,0,0,0,1,0,1,0,0,0
"2021","인천삼산",10,2,7,1,0,1,0,8,0,1,1,2,3,0,2,2,0,0,0,1,0,0,0,0,0,1,1,0,1,0,0,0,1,0,1,1,0,1,2,0,0,0,0
"2021","서울성북",7,0,5,2,0,1,0,3,2,1,1,1,1,0,0,1,3,0,0,0,0,2,0,0,0,0,1,0,0,0,0,0,2,0,1,0,0,0,0,0,1,3256154,1651896
"2021","하남",7,4,3,0,0,0,1,6,0,0,1,1,1,3,0,1,0,0,1,0,1,0,0,0,0,0,0,1,0,0,1,0,0,0,0,1,0,0,0,1,1,0,0
"2021","부산동부",5,1,2,2,0,0,1,4,0,0,0,1,0,2,0,2,0,0,0,0,0,0,0,0,0,0,0,0,0,0,0,1,2,0,0,1,0,0,0,1,0,0,0
"2021","광명",12,3,7,2,0,0,6,5,0,1,2,1,3,4,1,1,0,1,0,0,0,0,0,0,0,0,2,0,0,0,1,2,1,1,0,3,0,0,0,1,0,0,0
"2021","제천",3,1,2,0,0,0,1,2,0,0,1,0,0,0,1,0,1,0,0,0,0,0,0,0,0,0,0,0,0,0,0,0,0,1,0,0,0,0,1,0,1,0,0
"2021","분당",27,11,14,2,0,0,5,15,6,1,1,0,1,2,11,4,8,0,0,0,0,0,1,0,0,1,0,2,2,2,0,2,1,0,1,2,1,6,0,3,3,0,0
"2021","창원서부",2,1,1,0,0,1,0,0,1,0,1,0,0,0,1,0,0,0,0,0,0,0,0,0,0,0,0,0,0,1,0,0,0,0,0,0,0,1,0,0,0,0,0
"2021","대구수성",11,5,5,1,0,1,3,6,1,0,0,2,1,2,3,3,0,0,0,1,0,0,0,0,0,0,1,1,0,1,1,0,0,1,1,0,0,0,2,2,0,0,0
"2021","제주청",1,1,0,0,0,0,1,0,0,0,0,0,0,1,0,0,0,0,0,0,0,0,0,0,0,0,0,0,0,1,0,0,0,0,0,0,0,0,0,0,0,0,0
"2021","인천서부",12,1,9,2,0,0,2,7,3,0,1,2,1,2,3,2,1,0,1,0,0,0,0,0,0,1,0,1,0,0,2,0,0,1,1,1,3,0,0,0,1,0,0
"2021","대구북부",6,2,3,1,0,0,0,5,0,1,0,0,1,2,3,0,0,0,0,0,0,1,1,0,0,0,0,0,0,0,0,0,0,1,0,1,0,0,0,1,1,0,0
"2021","수원중부",16,5,9,2,0,0,4,10,1,1,0,4,2,4,2,2,2,0,3,1,0,0,0,0,1,0,0,1,0,1,1,1,0,3,0,1,1,0,2,0,0,0,0
"2021","대전유성",5,1,4,0,0,0,2,3,0,0,1,1,0,1,2,0,0,1,0,0,0,0,0,0,0,0,0,0,0,0,0,1,0,0,1,0,0,1,1,0,0,0,0
"2021","서귀포",5,2,2,1,0,0,1,3,0,1,0,2,0,1,0,0,2,0,0,0,0,0,0,0,0,1,1,0,0,0,0,0,0,0,1,0,0,0,1,0,1,0,0
"2021","진주",16,3,13,0,0,0,2,10,1,3,1,3,4,5,0,0,3,0,0,0,1,0,0,0,0,0,1,1,0,2,2,1,1,3,1,1,0,0,1,1,0,0,0
"2021","대전대덕",6,1,5,0,0,0,2,4,0,0,0,1,1,2,0,1,1,0,0,0,0,0,0,0,0,0,0,1,1,1,1,0,0,0,0,0,1,0,0,1,0,0,0
"2021","경산",7,2,4,1,0,0,0,6,1,0,0,1,0,2,0,1,3,2,1,0,0,0,0,0,0,1,0,0,0,0,1,0,0,0,1,0,0,1,0,0,0,0,0
"2021","인천남동",9,3,6,0,0,0,2,5,1,1,1,1,1,0,2,3,1,0,0,1,0,1,0,0,0,0,0,0,2,1,1,0,1,1,0,0,0,1,0,0,0,0,0
"2021","부안",8,4,4,0,0,0,0,3,2,3,0,2,0,1,1,0,4,4,1,0,0,0,0,0,0,0,1,0,1,0,0,0,0,1,0,0,0,0,0,0,0,0,0
"2021","의정부",17,4,12,1,0,0,5,10,2,0,0,1,3,5,3,4,1,0,1,0,0,0,0,0,0,0,0,2,2,1,3,4,0,1,0,0,0,1,0,2,0,0,0
"2021","보령",5,1,3,1,0,0,0,4,1,0,1,2,0,0,1,1,0,0,0,0,0,0,0,1,0,0,2,1,1,0,0,0,0,0,0,0,0,0,0,0,0,0,0
"2021","경주",8,4,3,1,0,0,2,3,1,2,0,2,1,0,1,2,2,0,0,0,0,0,0,0,0,0,0,1,0,0,1,1,1,1,1,0,1,1,0,0,0,0,0
"2021","대전둔산",8,5,2,1,0,0,0,6,1,1,0,0,2,1,2,2,1,1,0,1,0,0,0,1,0,0,0,1,0,0,0,1,0,0,0,0,3,0,0,0,0,0,0
"2021","서울관악",25,5,18,2,0,1,1,18,2,3,6,3,2,2,6,4,2,1,2,0,0,0,0,0,0,0,1,2,0,0,3,2,1,3,1,1,3,3,0,0,2,2782525,988750
"2021","성남수정",6,1,4,1,0,0,0,2,2,2,1,2,1,2,0,0,0,0,0,0,1,0,0,0,1,0,0,0,0,0,0,0,1,0,3,0,0,0,0,0,0,0,0
"2021","광주북부",12,7,5,0,0,0,2,6,1,3,1,3,2,1,0,4,1,0,0,0,1,0,0,0,1,0,1,0,0,0,3,0,1,2,1,0,0,1,0,0,1,0,0
"2021","울산동부",6,3,2,1,0,0,1,2,0,3,0,1,2,0,0,2,1,1,0,0,0,0,0,1,0,0,0,0,0,0,0,0,1,0,0,0,0,1,0,1,1,0,0
"2021","대전동부",3,0,2,1,0,0,0,3,0,0,1,1,0,0,1,0,0,0,1,0,0,0,0,0,0,0,1,0,0,0,0,0,0,0,0,0,0,0,0,0,1,0,0
"2021","옥천",3,0,2,1,0,0,0,2,1,0,0,1,0,0,1,0,1,0,1,1,0,0,0,0,0,0,0,0,0,0,0,0,0,0,0,0,0,0,0,0,1,0,0
"2021","완도",1,0,1,0,0,0,0,1,0,0,0,1,0,0,0,0,0,0,0,0,0,0,0,0,0,0,0,0,0,0,0,0,1,0,0,0,0,0,0,0,0,0,0
"2021","대구강북",4,3,0,1,0,0,1,2,1,0,0,1,0,0,2,1,0,0,0,1,2,0,0,0,0,0,0,0,0,0,0,0,0,0,0,0,0,0,0,0,1,0,0
"2021","안산단원",14,3,9,2,0,0,3,9,1,1,4,1,2,4,1,1,1,0,1,0,0,0,0,0,1,0,0,1,0,1,0,2,0,2,1,1,1,0,0,1,2,0,0
"2021","수원남부",15,4,11,0,0,1,3,8,0,3,2,3,0,2,2,1,5,0,0,0,1,1,0,0,3,0,1,0,1,0,1,0,1,2,1,0,0,1,0,2,0,0,0
"2021","익산",11,3,8,0,0,0,0,9,0,2,1,1,1,1,1,3,3,1,0,0,0,0,0,0,0,0,1,2,2,0,0,1,0,0,0,1,0,1,0,1,1,0,0
"2021","부산기장",4,2,2,0,0,0,0,4,0,0,0,2,0,0,1,1,0,1,0,0,0,0,0,0,0,0,1,0,0,0,0,0,1,1,0,0,0,0,0,0,0,0,0
"2021","영월",1,1,0,0,0,0,0,1,0,0,0,0,1,0,0,0,0,0,0,0,0,0,0,0,0,0,0,0,0,0,0,0,0,0,0,0,0,0,1,0,0,0,0
"2021","대구달성",7,4,3,0,0,0,0,4,3,0,0,2,1,1,1,1,1,0,0,0,0,0,0,0,0,0,0,0,1,0,1,2,1,0,1,0,0,0,0,0,1,0,0
"2021","대구달서",10,3,7,0,0,0,1,6,1,2,1,1,1,1,1,1,4,1,1,0,0,0,0,0,0,2,2,0,0,1,0,0,0,1,1,0,0,0,1,0,0,0,0
"2021","순천",6,3,2,1,0,0,0,6,0,0,1,0,3,1,0,1,0,0,0,0,0,0,0,0,0,0,0,1,0,2,0,0,1,0,0,0,0,0,0,1,1,0,0
"2021","부여",1,0,1,0,0,0,0,0,1,0,0,0,0,1,0,0,0,0,0,0,0,0,0,0,0,0,0,0,0,0,0,0,0,0,0,0,0,0,0,0,1,0,0
"2021","부천오정",3,0,3,0,0,0,0,3,0,0,0,2,1,0,0,0,0,0,0,0,0,0,0,0,0,0,2,0,0,0,0,0,0,0,0,0,0,1,0,0,0,0,0
"2021","서울강남",28,11,15,2,0,0,10,12,3,3,8,4,0,3,3,3,7,1,0,0,0,0,3,0,0,1,1,1,2,0,1,1,2,1,3,2,2,0,1,1,5,4837827,551716
"2021","무안",4,1,3,0,0,0,1,2,1,0,2,2,0,0,0,0,0,0,0,0,0,0,0,0,0,0,1,0,0,0,0,0,0,0,2,1,0,0,0,0,0,0,0
"2021","임실",1,1,0,0,0,0,0,0,1,0,0,0,0,0,0,0,1,0,0,0,0,0,0,0,0,0,0,0,0,0,0,0,0,0,0,0,1,0,0,0,0,0,0
"2021","서울수서",48,5,16,27,0,1,3,19,7,18,7,2,9,5,6,9,10,0,1,2,2,1,1,0,1,0,5,3,3,3,2,6,2,2,2,1,1,3,5,1,1,4760187,985352
"2021","서울혜화",8,0,7,1,0,0,2,5,1,0,1,1,1,1,1,2,1,0,0,0,1,0,0,0,0,0,1,0,0,0,0,2,0,0,0,2,1,0,0,1,0,3050888,473156
"2021","통영",1,1,0,0,0,0,0,1,0,0,0,0,1,0,0,0,0,0,0,0,0,0,0,1,0,0,0,0,0,0,0,0,0,0,0,0,0,0,0,0,0,0,0
"2021","강릉",6,4,2,0,0,0,0,5,1,0,0,0,1,0,2,2,1,0,0,0,0,0,0,0,0,1,2,0,0,1,0,0,1,0,0,0,0,0,0,1,0,0,0
"2021","광주",18,4,12,2,0,0,3,10,5,0,1,5,6,1,1,4,0,0,0,0,0,0,0,0,2,1,1,1,0,0,0,2,1,1,1,4,1,1,1,1,0,0,0
"2021","서울송파",37,13,19,5,0,3,7,19,4,4,4,3,5,8,4,5,8,1,1,1,2,0,0,0,1,1,1,1,1,4,1,2,1,0,5,3,5,2,1,1,2,3969562,1516948
"2021","양평",4,3,1,0,0,0,1,1,2,0,0,1,1,1,1,0,0,1,0,0,0,0,0,0,0,0,0,0,0,0,1,1,0,0,0,0,1,0,0,0,0,0,0
"2021","영광",1,0,0,1,0,0,0,1,0,0,0,0,0,0,0,0,1,0,0,0,0,0,0,0,0,0,0,0,0,0,0,0,0,0,0,0,0,0,0,1,0,0,0
"2021","대전서부",8,3,4,1,0,0,0,6,1,1,1,0,2,2,1,1,1,1,0,0,0,1,1,0,0,0,0,0,0,0,0,1,1,0,0,0,0,0,3,0,0,0,0
"2021","포천",1,0,1,0,0,0,1,0,0,0,0,0,0,0,0,1,0,1,0,0,0,0,0,0,0,0,0,0,0,0,0,0,0,0,0,0,0,0,0,0,0,0,0
"2021","광주동부",4,1,1,2,0,0,1,2,0,1,0,2,0,0,0,1,1,0,0,1,0,0,0,0,0,0,0,0,0,0,0,0,0,0,0,2,0,0,0,1,0,0,0
"2021","당진",1,1,0,0,0,0,0,0,1,0,0,0,0,0,1,0,0,0,0,0,0,0,0,0,0,0,0,0,0,0,0,0,0,0,0,0,0,0,1,0,0,0,0
"2021","부산서부",6,3,3,0,0,0,0,5,1,0,0,3,0,1,1,1,0,0,0,0,0,0,0,0,0,0,0,0,0,0,0,0,1,0,0,0,2,0,2,1,0,0,0
"2021","부산강서",2,0,2,0,0,0,0,2,0,0,0,1,1,0,0,0,0,0,0,0,0,0,0,0,0,0,0,0,0,0,0,0,0,0,1,0,1,0,0,0,0,0,0
"2021","음성",2,1,1,0,0,0,0,1,1,0,0,0,0,2,0,0,0,0,0,0,0,0,0,0,0,0,1,0,0,0,0,0,0,1,0,0,0,0,0,0,0,0,0
"2021","서울강북",6,2,4,0,0,0,2,3,0,1,0,0,2,0,1,2,1,0,1,0,2,0,0,0,0,0,0,0,1,0,0,0,0,0,0,0,1,0,0,0,1,2599556,419596
"2021","성남중원",9,4,2,3,0,0,1,5,2,1,0,1,1,2,1,2,2,0,0,0,0,0,0,0,0,2,0,0,0,0,1,1,0,1,0,0,1,0,1,1,1,0,0
"2021","제주동부",5,1,4,0,0,0,0,4,1,0,0,2,2,0,0,1,0,1,0,0,0,0,0,0,0,0,2,0,0,0,0,2,0,0,0,0,0,0,0,0,0,0,0
"2021","구미",5,1,2,2,0,0,0,3,2,0,0,0,1,1,0,2,1,0,1,0,0,0,0,0,0,0,0,0,0,0,1,0,0,0,1,2,0,0,0,0,0,0,0
"2021","부천소사",2,2,0,0,0,0,2,0,0,0,0,0,0,0,0,1,1,0,0,0,0,0,0,0,0,0,0,0,0,0,0,0,0,1,0,0,0,0,0,0,1,0,0
"2021","창원중부",14,9,5,0,0,0,3,7,3,1,2,3,1,7,1,0,0,1,0,0,0,0,0,0,0,0,1,0,1,1,0,0,1,0,3,0,0,0,0,3,3,0,0
"2021","진해",1,0,1,0,0,0,0,1,0,0,0,0,0,1,0,0,0,0,0,0,0,0,0,0,0,0,0,0,0,0,0,0,1,0,0,0,0,0,0,0,0,0,0
"2021","횡성",1,1,0,0,0,0,0,1,0,0,1,0,0,0,0,0,0,0,0,0,0,0,0,0,0,0,0,0,0,0,0,0,1,0,0,0,0,0,0,0,0,0,0
"2021","홍천",1,1,0,0,0,0,0,1,0,0,0,0,0,0,0,0,1,0,0,0,0,0,0,0,0,0,0,1,0,0,0,0,0,0,0,0,0,0,0,0,0,0,0
"2021","광주남부",7,1,5,1,0,0,0,4,1,2,1,1,0,1,3,0,1,0,0,0,0,0,0,0,1,0,1,0,0,0,0,1,1,1,0,1,0,0,0,0,1,0,0
"2021","예산",2,1,1,0,0,0,1,0,1,0,0,0,1,0,1,0,0,0,0,0,0,0,0,0,0,0,0,0,0,0,0,0,0,1,0,0,1,0,0,0,0,0,0
"2021","화성서부",8,3,4,1,0,0,2,4,1,1,0,2,2,0,1,2,1,0,0,0,0,0,0,0,0,0,0,0,1,1,1,0,2,0,0,0,1,0,0,1,1,0,0
"2021","광주광산",12,4,6,2,0,0,3,6,0,3,3,6,1,0,1,1,0,0,0,0,0,0,0,0,0,0,1,0,3,0,0,0,0,2,0,2,1,0,1,2,0,0,0
"2021","김제",2,1,1,0,0,0,0,2,0,0,1,0,0,0,0,1,0,1,0,0,0,0,0,0,0,0,0,0,0,0,0,0,0,1,0,0,0,0,0,0,0,0,0
"2021","산청",1,0,1,0,0,0,0,1,0,0,0,1,0,0,0,0,0,0,0,0,0,0,0,0,0,0,0,0,0,0,0,0,1,0,0,0,0,0,0,0,0,0,0
"2021","울산중부",7,2,4,1,0,0,0,5,1,1,0,4,0,0,1,2,0,0,0,0,0,0,0,0,0,0,0,1,1,0,2,1,1,0,0,0,0,0,0,0,1,0,0
"2021","서울강서",22,7,11,4,0,1,4,9,4,4,1,5,3,3,4,2,4,2,0,1,0,0,1,0,0,0,1,3,1,0,1,0,0,0,2,5,1,1,3,0,0,3165221,2057258
"2021","인천연수",11,2,6,3,0,0,5,5,1,0,0,1,1,3,2,2,2,0,1,0,0,0,0,0,1,0,0,0,0,0,0,0,1,0,0,0,2,1,2,2,1,0,0
"2021","군포",7,4,3,0,0,0,2,3,1,1,1,2,1,1,2,0,0,1,0,0,0,0,0,0,0,0,0,0,1,0,0,1,1,0,1,0,0,1,0,1,0,0,0
"2021","용인동부",14,5,3,6,0,0,3,4,0,7,1,3,2,0,2,1,5,0,1,0,0,0,0,0,1,0,0,0,0,0,0,0,0,1,2,1,4,0,0,3,1,0,0
"2021","김포",11,3,8,0,0,0,2,8,0,1,0,4,2,4,0,1,0,0,1,0,0,0,0,0,0,0,0,0,1,1,0,1,2,0,0,1,1,0,2,1,0,0,0
"2021","태백",1,0,1,0,0,0,0,1,0,0,0,0,0,0,1,0,0,0,0,0,0,0,0,0,0,0,0,0,0,0,0,0,0,0,0,0,0,0,1,0,0,0,0
"2021","광양",1,1,0,0,0,0,0,0,0,1,0,0,0,0,0,1,0,0,0,0,0,0,0,0,0,0,0,0,0,1,0,0,0,0,0,0,0,0,0,0,0,0,0
"2021","서울청",2,0,2,0,0,0,1,1,0,0,0,0,1,0,0,1,0,0,0,0,0,0,0,0,0,0,0,0,1,0,0,0,0,0,0,0,0,0,1,0,0,0,0
"2021","군산",2,2,0,0,0,0,0,0,1,1,0,0,0,0,0,2,0,0,0,0,0,0,0,0,0,0,0,0,0,0,0,0,0,2,0,0,0,0,0,0,0,0,0
"2021","광주서부",9,2,7,0,0,0,1,6,0,2,0,0,2,2,1,2,2,0,2,1,0,0,1,1,0,1,0,0,0,0,0,0,0,1,0,0,1,0,1,0,0,0,0
"2021","부산남부",7,3,2,2,0,0,1,5,0,1,3,1,0,1,0,1,1,0,0,0,0,0,0,1,0,0,1,0,0,1,0,0,2,0,0,0,0,0,1,1,0,0,0
"2021","대구중부",10,3,5,2,0,0,3,2,4,1,1,1,0,2,2,2,2,0,0,0,0,0,1,0,0,0,1,0,1,0,0,0,1,0,0,2,0,1,2,0,1,0,0
"2021","칠곡",1,0,1,0,0,0,0,1,0,0,0,0,0,0,0,0,1,0,0,0,0,0,0,1,0,0,0,0,0,0,0,0,0,0,0,0,0,0,0,0,0,0,0
"2021","청주상당",5,2,2,1,0,0,1,1,1,2,0,2,0,0,0,1,2,0,0,0,0,0,0,0,0,1,0,0,1,0,0,0,0,0,1,1,0,0,0,1,0,0,0
"2021","동해",4,1,0,3,0,0,1,2,0,1,0,3,1,0,0,0,0,0,0,0,0,0,0,0,0,1,0,0,0,0,0,0,1,0,0,0,0,0,2,0,0,0,0
"2021","이천",2,0,2,0,0,0,0,2,0,0,0,0,1,0,0,1,0,0,0,0,0,0,0,0,0,0,0,1,0,0,0,0,0,0,0,0,0,0,1,0,0,0,0
"2021","서울중랑",5,2,3,0,0,0,1,4,0,0,1,1,0,0,2,1,0,0,0,0,0,0,0,0,0,0,0,0,0,0,0,1,1,0,0,1,0,2,0,0,0,2560383,789148
"2021","울산남부",13,7,4,2,0,1,3,8,0,1,3,1,1,2,4,1,1,0,2,0,0,0,0,1,0,0,1,0,0,1,1,3,1,1,0,1,0,0,0,0,1,0,0
"2021","정선",1,0,1,0,0,0,0,1,0,0,0,0,0,0,1,0,0,1,0,0,0,0,0,0,0,0,0,0,0,0,0,0,0,0,0,0,0,0,0,0,0,0,0
"2021","정읍",10,2,8,0,0,0,2,6,2,0,1,2,0,0,1,3,3,0,1,1,0,0,0,0,0,0,0,1,0,0,0,1,0,0,1,3,1,0,1,0,0,0,0
"2021","부산사하",5,0,1,4,0,0,1,2,1,1,0,0,2,0,2,0,1,1,0,0,1,0,0,0,0,0,0,0,1,0,0,0,0,0,0,0,0,0,0,0,2,0,0
"2021","논산",4,0,1,3,0,0,3,1,0,0,2,0,0,1,0,1,0,0,0,0,0,0,0,0,0,0,0,0,0,0,2,1,0,0,0,0,0,0,0,1,0,0,0
"2021","김해서부",9,2,7,0,0,0,0,8,1,0,0,0,2,3,0,2,2,0,0,0,0,1,0,0,0,0,1,0,0,0,1,0,0,3,0,0,0,2,0,0,1,0,0
"2021","서울마포",33,12,18,3,0,0,8,17,5,3,4,3,6,5,9,2,4,2,4,1,1,0,0,0,1,2,3,0,1,3,1,0,1,0,0,1,3,7,0,1,1,4022976,1956646
"2021","서울금천",6,3,3,0,0,0,2,3,1,0,1,0,0,0,1,3,1,1,0,0,0,0,0,0,0,2,1,0,0,0,1,0,0,1,0,0,0,0,0,0,0,2567770,463700
"2021","포항북부",5,1,4,0,0,0,0,4,0,1,0,0,2,0,2,1,0,0,0,0,0,0,0,0,0,0,0,0,0,0,0,0,0,0,2,2,1,0,0,0,0,0,0
