201912,화성동탄경찰서,10311,1967,35,657,895,106,5317,517,817,4931,2850,2530,311,367,1474,1852,1791,1312,663,2541,1047,1480,1627,1570,1645,1581,1361,2033,343,73,1540,61,296,4448,1517,0,0,2021-10-27 13:25
201912,해양경비안전본부,30,0,0,0,2,18,0,1,9,0,1,29,0,0,1,0,0,0,0,29,2,4,6,2,5,6,5,2,0,0,3,0,0,15,10,0,0,2021-10-27 13:25
201912,포항해양경비안전서,1864,7,1687,0,22,15,40,5,88,52,3,1809,0,0,2,6,13,18,15,1810,23,253,41,408,663,360,116,952,1,1,1,0,12,132,765,0,0,2021-10-27 13:25
201912,평택해양경비안전서,1436,29,1210,4,49,14,12,7,111,111,8,1317,0,0,0,38,59,12,10,1317,185,198,187,203,216,193,254,356,2,0,11,0,224,701,142,0,0,2021-10-27 13:25
201912,통영해양경비안전서,3937,55,3396,0,163,15,50,0,258,190,11,3736,0,0,9,20,32,109,30,3737,1378,220,909,987,75,289,79,3816,2,0,6,0,2,3,108,0,0,2021-10-27 13:25
201912,태안해양경비안전서,1931,8,1702,0,31,34,10,3,143,28,1,1902,0,1,0,1,8,12,7,1902,276,239,291,238,312,293,282,1756,0,0,1,0,163,5,6,0,0,2021-10-27 13:25
201912,충북충주경찰서,6227,1111,76,775,665,58,2575,268,699,3095,1823,1309,128,261,793,831,960,1109,824,1321,712,936,904,945,906,965,859,1095,205,94,697,56,202,2710,1168,0,0,2021-10-27 13:25
201912,충북청주흥덕경찰서,10136,1876,182,1283,566,50,4681,368,1130,5027,2863,2246,194,435,1701,1627,1651,1411,849,2268,1168,1501,1587,1489,1458,1581,1352,1613,393,98,1128,79,401,4473,1951,0,0,2021-10-27 13:25
201912,충북청주청원경찰서,7875,1272,34,827,851,27,3836,403,625,4000,2326,1549,167,516,1372,1117,1184,1105,835,1579,1041,1133,1132,1111,1146,1242,1070,1235,365,93,859,39,276,3633,1375,0,0,2021-10-27 13:25
201912,충북청주상당경찰서,6985,1166,109,627,438,89,3661,290,605,3403,2113,1469,143,342,859,923,1085,1201,959,1473,774,1107,1084,1009,1021,1078,912,1119,253,73,904,45,346,3173,1072,0,0,2021-10-27 13:25
201912,충북진천경찰서,2555,472,33,226,259,19,886,169,491,1126,642,787,55,69,216,350,419,408,250,788,229,366,436,394,414,374,342,450,85,21,225,43,90,1194,447,0,0,2021-10-27 13:25
201912,충북지방경찰청,1806,26,4,526,93,120,176,35,826,465,340,1001,63,21,82,127,227,216,65,1005,171,270,338,284,306,292,145,735,74,29,248,10,8,254,448,0,0,2021-10-27 13:25
201912,충북제천경찰서,3607,783,68,370,334,27,1475,163,387,1696,1071,840,63,133,343,448,601,626,541,852,406,570,560,519,510,559,483,381,120,37,394,17,85,1638,935,0,0,2021-10-27 13:25
201912,충북음성경찰서,3525,777,30,282,464,56,1276,191,449,1535,804,1186,44,101,264,364,532,627,403,1190,359,521,565,577,523,564,416,719,159,29,355,6,86,1653,518,0,0,2021-10-27 13:25
201912,충북옥천경찰서,1090,290,3,106,145,7,424,35,80,511,318,261,24,32,64,112,168,207,218,265,131,181,145,173,155,175,130,195,32,9,155,3,41,473,182,0,0,2021-10-27 13:25
201912,충북영동경찰서,944,218,35,110,176,12,309,42,42,446,276,222,20,36,63,85,131,194,193,222,87,142,142,147,153,161,112,138,24,8,136,3,31,387,217,0,0,2021-10-27 13:25
201912,충북보은경찰서,722,168,17,60,139,2,241,14,81,354,184,184,14,21,35,56,100,138,173,185,81,115,94,111,116,119,86,120,15,9,84,3,22,346,123,0,0,2021-10-27 13:25
201912,충북단양경찰서,677,160,2,38,88,12,272,23,82,289,197,191,8,14,47,57,105,132,122,192,90,95,98,97,85,115,97,100,35,15,114,4,9,298,102,0,0,2021-10-27 13:25
201912,충북괴산경찰서,1790,364,66,169,178,4,838,61,110,850,513,427,23,57,159,167,294,326,336,428,192,260,258,287,257,280,256,302,53,19,240,4,140,791,241,0,0,2021-10-27 13:25
201912,충남홍성경찰서,2582,690,36,182,296,9,974,94,301,1080,742,760,34,91,211,262,373,419,424,768,283,373,408,428,394,387,309,369,94,22,366,3,91,1034,603,0,0,2021-10-27 13:25
201912,충남태안경찰서,1736,454,2,171,243,13,564,44,245,788,441,507,27,32,131,165,221,307,336,517,205,275,264,236,255,264,237,258,45,38,192,8,59,817,319,0,0,2021-10-27 13:25
201912,충남청양경찰서,646,155,11,82,130,6,176,11,75,280,188,178,4,24,49,46,86,127,130,180,61,110,87,105,103,98,82,112,32,2,66,2,9,304,119,0,0,2021-10-27 13:25
201912,충남천안서북경찰서,13032,2681,90,1820,910,11,6168,629,723,6503,3613,2916,184,592,2381,2293,2113,1638,860,2971,1507,1940,1963,1861,2003,2027,1731,2361,617,215,1392,135,465,5203,2644,0,0,2021-10-27 13:25
201912,충남천안동남경찰서,8557,1933,73,1195,655,17,3990,262,432,4263,2581,1713,146,420,1221,1137,1447,1464,987,1735,937,1311,1332,1258,1336,1301,1082,1869,217,149,1030,63,402,3271,1556,0,0,2021-10-27 13:25
201912,충남지방경찰청,1475,42,8,115,120,197,292,10,691,299,265,911,70,23,78,114,127,94,57,912,157,259,212,195,254,241,157,470,10,18,111,6,28,538,294,0,0,2021-10-27 13:25
201912,충남예산경찰서,1979,491,36,136,331,10,834,43,98,953,509,517,21,46,135,204,297,362,394,520,228,328,263,325,317,288,230,269,59,23,214,12,60,833,509,0,0,2021-10-27 13:25
201912,충남아산경찰서,8827,1886,64,690,921,25,3951,357,933,4195,2325,2307,166,341,952,1276,1495,1340,939,2318,1062,1270,1247,1359,1364,1370,1155,1650,373,108,1155,90,396,3618,1437,0,0,2021-10-27 13:25
201912,충남세종경찰서,5854,1610,22,714,743,19,2309,126,311,2865,1762,1227,186,222,582,967,1111,915,630,1241,535,952,897,950,856,952,712,1320,86,42,807,23,179,2432,965,0,0,2021-10-27 13:25
201912,충남서천경찰서,1250,426,2,83,254,6,329,11,139,568,294,388,21,27,65,92,162,248,244,391,130,201,206,186,172,201,154,264,28,12,144,3,32,580,187,0,0,2021-10-27 13:25
201912,충남서산경찰서,5078,1129,37,698,475,10,1951,175,603,2331,1465,1282,85,225,579,678,755,821,649,1286,578,751,794,779,775,793,608,677,213,68,721,18,214,2389,778,0,0,2021-10-27 13:25
201912,충남부여경찰서,1292,343,48,76,175,4,513,34,99,532,367,393,18,18,50,94,174,227,315,396,139,211,221,175,195,197,154,246,24,23,234,5,37,549,174,0,0,2021-10-27 13:25
201912,충남보령경찰서,3273,919,6,315,569,9,940,134,381,1400,898,975,67,124,284,332,475,551,456,984,402,498,490,455,492,485,451,611,131,83,271,8,92,1451,626,0,0,2021-10-27 13:25
201912,충남당진경찰서,5039,1052,4,895,695,9,1772,197,415,2336,1216,1487,79,173,565,692,765,753,515,1497,527,768,708,827,717,878,614,903,161,49,543,21,102,2117,1143,0,0,2021-10-27 13:25
201912,충남논산경찰서,3700,1023,31,342,435,14,1468,129,258,1811,1035,854,68,121,381,438,548,706,578,860,400,611,535,574,573,575,432,785,140,31,499,19,200,1356,670,0,0,2021-10-27 13:25
201912,충남금산경찰서,1034,355,15,78,138,9,305,13,121,483,286,265,15,27,54,95,165,191,221,266,104,169,162,172,156,151,120,282,24,20,141,3,39,398,127,0,0,2021-10-27 13:25
201912,충남공주경찰서,2860,815,34,187,499,7,924,47,347,1375,788,697,51,114,308,298,431,489,467,702,323,442,423,436,422,467,347,535,81,41,336,14,74,1288,491,0,0,2021-10-27 13:25
201912,창원해양경비안전서,1773,9,1500,0,71,18,9,0,166,48,1,1724,0,0,37,2,1,4,5,1724,192,230,269,269,297,269,247,854,0,0,2,0,15,5,897,0,0,2021-10-27 13:25
201912,중부해양경비안전본부,56,2,6,0,0,3,0,0,45,9,1,46,0,0,1,2,3,0,4,46,6,14,6,14,5,7,4,40,0,0,0,0,0,8,8,0,0,2021-10-27 13:25
201912,제주해양경비안전서,1160,23,843,0,81,5,104,1,103,101,17,1042,0,0,6,11,32,35,33,1043,154,168,182,156,158,175,167,978,8,0,17,1,59,89,8,0,0,2021-10-27 13:25
201912,제주해양경비안전본부,33,1,0,2,2,3,1,0,24,3,1,29,0,0,0,1,2,1,0,29,1,2,7,2,1,14,6,23,0,0,1,0,1,6,2,0,0,2021-10-27 13:25
201912,제주지방경찰청,400,56,13,42,31,43,75,7,133,93,139,168,60,21,31,35,39,35,11,168,43,65,71,72,58,60,31,93,27,20,93,3,8,36,120,0,0,2021-10-27 13:25
201912,제주서부경찰서,8841,1754,8,576,391,21,4393,631,1067,4054,2887,1900,158,279,1236,1364,1630,1381,877,1916,1170,1321,1238,1249,1339,1375,1149,1404,480,230,936,78,271,3807,1635,0,0,2021-10-27 13:25
201912,제주서귀포경찰서,6666,1368,7,552,817,14,2795,426,687,3154,2222,1290,110,186,691,958,1183,1243,1000,1295,770,1005,1006,1039,998,1034,814,1101,374,212,1141,49,200,2910,679,0,0,2021-10-27 13:25
201912,제주동부경찰서,9966,2409,5,1141,502,5,4162,716,1026,4722,3404,1840,200,418,1397,1511,1813,1669,1111,1847,1167,1523,1484,1521,1436,1573,1262,1471,581,186,1129,67,297,4219,2016,0,0,2021-10-27 13:25
201912,전북진안경찰서,421,177,0,30,74,14,102,3,21,208,96,117,9,10,20,26,56,86,97,117,48,73,57,65,83,47,48,107,8,3,72,3,10,144,74,0,0,2021-10-27 13:25
201912,전북지방경찰청,1791,61,12,254,101,314,245,4,800,258,397,1136,59,36,160,132,126,95,46,1137,275,287,256,244,269,259,201,382,17,36,155,6,14,797,384,0,0,2021-10-27 13:25
201912,전북정읍경찰서,2851,617,68,329,371,35,1027,139,265,1417,792,642,55,118,260,247,469,512,542,648,307,465,440,405,451,447,336,515,92,41,357,8,113,1255,470,0,0,2021-10-27 13:25
201912,전북전주완산경찰서,9851,1950,145,1609,910,83,3873,405,876,4257,3043,2551,125,462,1486,1357,1508,1425,908,2580,1110,1513,1493,1463,1471,1542,1259,1703,546,96,1040,65,437,3712,2252,0,0,2021-10-27 13:25
201912,전북전주덕진경찰서,7350,1646,117,607,712,40,3493,216,519,4081,2133,1136,183,346,1100,985,1449,1256,877,1154,825,1134,1146,1085,1067,1204,889,1419,256,116,792,39,270,3199,1259,0,0,2021-10-27 13:25
201912,전북장수경찰서,434,136,2,65,33,11,129,11,47,217,98,119,3,9,40,33,58,80,91,120,50,64,76,62,62,71,49,102,11,2,58,5,12,145,99,0,0,2021-10-27 13:25
201912,전북임실경찰서,475,177,2,29,96,8,129,4,30,208,138,129,4,9,25,42,65,93,107,130,37,75,67,96,66,78,56,85,5,2,47,1,9,226,100,0,0,2021-10-27 13:25
201912,전북익산경찰서,8065,1626,246,793,919,117,3350,279,735,3858,2161,2046,133,423,1020,983,1189,1318,947,2052,872,1281,1221,1221,1154,1277,1039,1632,480,91,858,40,287,3358,1319,0,0,2021-10-27 13:25
201912,전북완주경찰서,1868,565,41,138,221,23,617,41,222,864,396,608,33,44,145,236,285,285,230,610,170,301,295,279,286,324,213,417,47,14,196,6,34,714,440,0,0,2021-10-27 13:25
201912,전북순창경찰서,451,106,9,45,37,25,110,14,105,221,135,95,2,15,22,57,80,74,105,96,46,55,70,47,85,78,70,111,7,2,85,13,9,181,43,0,0,2021-10-27 13:25
201912,전북부안경찰서,1507,344,30,183,245,4,529,40,132,789,403,315,28,52,146,133,234,297,302,315,173,252,210,224,236,236,176,289,40,29,192,5,36,682,234,0,0,2021-10-27 13:25
201912,전북무주경찰서,606,205,6,36,119,13,151,10,66,299,145,162,11,9,35,57,96,137,98,163,65,101,88,85,85,91,91,110,15,11,65,0,10,251,144,0,0,2021-10-27 13:25
201912,전북남원경찰서,1890,451,28,174,327,65,671,72,102,867,574,449,48,87,147,175,304,322,353,454,217,287,281,287,261,297,260,297,85,30,222,5,51,925,275,0,0,2021-10-27 13:25
201912,전북김제경찰서,2163,517,7,166,389,59,718,48,259,1038,583,542,30,79,146,198,360,382,423,545,247,360,312,314,315,369,246,469,63,11,272,16,57,1041,234,0,0,2021-10-27 13:25
201912,전북군산경찰서,8387,1732,109,1164,928,269,3114,272,799,4132,2311,1944,139,461,1029,1098,1329,1339,1043,1949,1007,1302,1239,1259,1235,1281,1064,1836,401,143,956,52,255,3200,1544,0,0,2021-10-27 13:25
201912,전북고창경찰서,1165,319,47,118,155,15,366,48,97,546,324,295,16,49,82,91,168,212,249,298,117,197,176,194,182,182,117,165,16,9,194,3,47,422,309,0,0,2021-10-27 13:25
201912,전남화순경찰서,1380,280,13,134,167,14,612,48,112,653,422,305,36,68,104,125,221,270,251,305,156,192,229,194,212,217,180,224,21,20,217,7,41,677,173,0,0,2021-10-27 13:25
201912,전남해남경찰서,1813,414,21,155,186,8,705,67,257,878,474,461,30,46,118,199,265,349,345,461,174,299,284,275,311,286,184,304,41,10,209,14,57,879,299,0,0,2021-10-27 13:25
201912,전남함평경찰서,711,151,9,85,115,11,265,13,62,333,179,199,18,26,46,75,98,121,127,200,67,109,121,103,102,111,98,143,6,4,95,0,21,317,125,0,0,2021-10-27 13:25
201912,전남진도경찰서,891,237,0,53,124,22,296,62,97,456,222,213,15,13,47,71,145,186,200,214,86,150,150,116,166,122,101,138,38,12,87,6,27,420,163,0,0,2021-10-27 13:25
201912,전남지방경찰청,1154,37,8,320,115,129,209,23,313,326,304,524,55,22,74,82,176,166,53,526,86,163,203,208,207,220,67,389,86,24,183,7,7,159,299,0,0,2021-10-27 13:25
201912,전남장흥경찰서,1229,253,10,51,209,4,539,49,114,549,367,313,26,33,73,94,191,215,283,314,124,207,176,174,203,195,150,200,38,5,182,4,34,635,131,0,0,2021-10-27 13:25
201912,전남장성경찰서,986,271,20,95,106,21,373,35,65,507,250,229,14,34,83,85,151,194,193,232,79,156,150,146,169,157,129,249,16,4,158,3,36,429,91,0,0,2021-10-27 13:25
201912,전남완도경찰서,1329,316,7,136,153,6,463,135,113,616,371,342,13,52,89,137,225,237,226,350,144,233,211,167,191,216,167,164,88,22,131,6,38,554,326,0,0,2021-10-27 13:25
201912,전남영암경찰서,1884,321,3,193,142,15,557,44,609,884,479,521,26,51,194,225,293,304,266,525,212,313,276,252,296,319,216,267,34,10,258,9,53,982,271,0,0,2021-10-27 13:25
201912,전남영광경찰서,1119,264,0,74,182,17,388,35,159,496,281,342,23,37,64,94,158,180,214,349,109,188,171,157,191,176,127,184,25,14,183,4,42,561,106,0,0,2021-10-27 13:25
201912,전남여수경찰서,8518,1653,5,444,883,73,4042,494,924,3852,2548,2118,122,280,905,1055,1365,1474,1185,2132,992,1251,1221,1268,1232,1353,1201,1320,577,129,832,68,214,4276,1102,0,0,2021-10-27 13:25
201912,전남순천경찰서,8095,1449,6,552,792,41,3559,397,1299,3556,2341,2198,161,391,989,930,1199,1308,897,2220,983,1234,1184,1194,1168,1256,1076,1452,455,124,855,44,247,3924,994,0,0,2021-10-27 13:25
201912,전남보성경찰서,969,164,20,42,182,10,406,15,130,417,265,287,19,18,44,52,139,171,236,290,86,171,151,148,158,154,101,141,11,4,114,4,27,564,104,0,0,2021-10-27 13:25
201912,전남무안경찰서,1753,408,35,229,204,13,567,50,247,820,476,457,38,63,169,219,308,274,222,460,194,270,265,278,273,276,197,282,29,13,208,8,60,727,426,0,0,2021-10-27 13:25
201912,전남목포경찰서,9533,1532,2,700,904,31,4814,736,814,4647,3067,1819,242,481,1165,1264,1656,1592,1302,1831,1150,1436,1384,1445,1391,1489,1238,1377,518,181,1028,73,352,4591,1413,0,0,2021-10-27 13:25
201912,전남담양경찰서,1068,263,19,54,185,8,418,12,109,525,309,234,21,31,71,97,127,211,275,235,130,155,155,158,188,162,120,175,11,5,174,2,32,558,111,0,0,2021-10-27 13:25
201912,전남나주경찰서,2951,642,53,293,604,4,1164,66,125,1439,887,625,75,108,299,420,446,484,487,632,312,443,451,446,442,497,360,624,68,25,431,13,83,1274,433,0,0,2021-10-27 13:25
201912,전남구례경찰서,590,122,0,27,61,5,306,26,43,288,188,114,9,9,34,57,91,128,147,115,70,91,95,83,82,89,80,114,13,9,87,4,15,280,68,0,0,2021-10-27 13:25
201912,전남광양경찰서,4087,867,4,399,672,51,1462,149,483,1730,1110,1247,83,120,416,493,696,657,373,1249,420,649,624,593,638,665,498,789,194,58,574,22,115,1885,450,0,0,2021-10-27 13:25
201912,전남곡성경찰서,584,144,13,76,70,4,176,9,92,287,164,133,7,40,60,51,72,99,121,134,69,105,68,100,83,96,63,106,13,2,95,1,13,256,98,0,0,2021-10-27 13:25
201912,전남고흥경찰서,1453,381,1,119,233,7,518,62,132,694,418,341,20,33,105,111,225,253,363,343,179,217,212,203,217,240,185,273,42,15,239,6,43,650,185,0,0,2021-10-27 13:25
201912,전남강진경찰서,1003,143,8,32,258,12,412,34,104,432,314,257,11,33,63,84,143,199,211,259,110,138,157,158,143,168,129,157,36,9,135,3,16,586,61,0,0,2021-10-27 13:25
201912,인천해양경비안전서,3770,25,3424,2,68,50,60,8,133,141,20,3609,0,0,8,8,24,46,74,3610,415,626,617,542,502,664,404,2318,4,0,4,0,11,32,1401,0,0,2021-10-27 13:25
201912,인천지방경찰청,2744,110,36,310,253,165,587,189,1094,656,478,1610,89,128,369,229,165,104,42,1618,276,414,465,417,442,417,313,1064,138,27,240,4,22,432,817,0,0,2021-10-27 13:25
201912,인천중부경찰서,8031,1457,46,866,530,114,3106,781,1131,3751,1985,2295,117,315,941,1019,1221,1235,839,2344,926,1157,1191,1196,1242,1226,1093,1490,282,185,854,36,224,3386,1574,0,0,2021-10-27 13:25
201912,인천연수경찰서,8089,2015,95,696,520,62,3349,569,783,3695,2272,2122,215,340,1173,1250,1269,1137,573,2132,865,1210,1169,1247,1244,1281,1073,1715,299,79,1030,39,294,2724,1909,0,0,2021-10-27 13:25
201912,인천서부경찰서,15270,3416,52,1482,1119,119,6465,939,1678,7308,4058,3904,334,704,1957,2195,2441,2417,1284,3938,1660,2231,2360,2254,2401,2407,1957,2797,660,162,1732,104,601,5994,3220,0,0,2021-10-27 13:25
201912,인천삼산경찰서,8495,1333,79,542,606,141,4166,652,976,3758,2446,2291,146,591,1530,1031,1040,1153,687,2317,1144,1226,1159,1221,1203,1249,1293,1285,928,157,1067,62,301,3398,1297,0,0,2021-10-27 13:25
201912,인천부평경찰서,8024,1300,82,628,528,72,3642,826,946,3690,2454,1880,122,382,1259,1095,1238,1247,796,1885,986,1176,1153,1220,1255,1176,1058,1392,346,132,1114,36,425,3144,1435,0,0,2021-10-27 13:25
201912,인천논현경찰서,5964,1144,82,388,420,81,2783,292,774,2728,1637,1599,129,234,708,887,943,927,527,1609,680,888,948,937,877,874,760,1100,228,45,671,37,216,2581,1086,0,0,2021-10-27 13:25
201912,인천남부경찰서,14704,2935,117,744,701,87,6621,1970,1529,6591,4333,3780,196,622,2312,2035,2054,2266,1418,3801,1794,2160,2178,2148,2280,2218,1926,2949,1009,273,2079,75,499,5738,2082,0,0,2021-10-27 13:25
201912,인천남동경찰서,9839,1600,78,619,670,204,4962,784,922,4474,2967,2398,155,486,1773,1448,1378,1387,806,2406,1215,1379,1397,1492,1521,1513,1322,1666,797,114,1189,96,432,3897,1648,0,0,2021-10-27 13:25
201912,인천계양경찰서,8333,1609,21,572,605,72,3850,488,1116,3645,2375,2313,138,297,1047,1141,1229,1418,730,2333,962,1281,1229,1250,1222,1287,1102,1383,574,115,993,49,338,3296,1585,0,0,2021-10-27 13:25
201912,인천강화경찰서,1688,458,7,75,100,25,750,64,209,755,504,429,33,57,101,139,241,337,348,432,218,277,223,211,252,268,239,313,39,38,228,10,42,753,265,0,0,2021-10-27 13:25
201912,울진해양경찰서,2205,4,2094,0,20,1,15,2,69,16,1,2188,0,0,3,1,3,6,4,2188,340,325,294,347,317,294,288,2001,0,0,2,0,2,198,2,0,0,2021-10-27 13:25
201912,울산해양경비안전서,2323,24,1918,0,47,99,14,0,221,46,6,2271,0,0,17,2,4,16,13,2271,304,310,488,306,306,307,302,531,0,0,1,0,4,1570,217,0,0,2021-10-27 13:25
201912,울산지방경찰청,737,38,23,151,81,201,64,19,160,167,146,424,43,16,29,53,60,77,21,438,38,141,119,132,115,125,67,269,48,27,100,8,5,96,184,0,0,2021-10-27 13:25
201912,울산중부경찰서,9145,1396,94,1454,922,108,3320,741,1110,4178,2654,2313,232,386,1080,1373,1447,1474,831,2322,1057,1346,1318,1350,1390,1480,1204,1686,398,73,1293,93,319,3877,1406,0,0,2021-10-27 13:25
201912,울산울주경찰서,5735,1207,3,541,517,45,2211,287,924,2473,1459,1803,123,222,477,671,868,954,599,1821,668,825,884,811,846,945,756,949,144,36,610,31,172,2815,978,0,0,2021-10-27 13:25
201912,울산동부경찰서,5131,890,26,477,599,60,1961,394,724,2303,1475,1353,134,176,511,798,803,803,547,1359,608,741,775,753,787,791,676,835,250,56,714,64,173,2435,604,0,0,2021-10-27 13:25
201912,울산남부경찰서,11450,2021,49,1235,834,57,4044,911,2299,4860,3130,3460,185,397,1577,1405,1697,1787,932,3470,1434,1629,1640,1643,1715,1805,1584,1921,786,183,1008,77,360,5343,1772,0,0,2021-10-27 13:25
201912,완도해양경비안전서,1542,18,1318,2,87,15,20,4,78,39,6,1497,0,0,0,9,10,17,9,1497,216,241,231,220,247,186,201,1444,1,1,0,0,7,2,87,0,0,2021-10-27 13:25
201912,여수해양경비안전서,5068,62,4493,6,163,14,129,2,199,216,35,4817,0,2,54,32,36,69,57,4818,763,704,654,638,629,757,923,4828,1,0,5,0,4,207,23,0,0,2021-10-27 13:25
201912,속초해양경비안전서,911,3,803,1,22,5,8,0,69,29,7,875,0,0,3,6,6,7,14,875,114,138,142,132,128,132,125,347,0,0,0,0,1,559,4,0,0,2021-10-27 13:25
201912,서해해양경비안전본부,26,7,0,1,0,9,0,0,9,4,0,22,0,0,2,0,1,0,1,22,0,8,6,7,1,4,0,16,0,0,1,0,2,2,5,0,0,2021-10-27 13:25
201912,서울혜화경찰서,4766,810,39,754,267,48,1737,656,455,2360,1387,1019,19,155,784,695,611,786,694,1022,539,706,737,713,718,771,582,1013,185,100,313,34,445,1927,749,3486932,151790,2021-10-27 13:25
201912,서울지방경찰청,7341,242,38,1347,350,276,2758,651,1679,1932,3197,2212,245,353,1685,779,785,711,464,2319,632,1226,1260,1167,1125,1248,683,3935,246,121,1067,17,55,574,1326,0,0,2021-10-27 13:25
201912,서울중부경찰서,6177,1095,24,738,251,20,2713,778,558,3219,1903,1055,40,259,1222,1017,918,926,719,1076,655,949,946,973,927,984,743,1346,260,190,512,56,385,2350,1078,3512016,120237,2021-10-27 13:25
201912,서울중랑경찰서,10834,1818,50,925,700,47,5182,1162,950,5197,3514,2123,224,450,1529,1416,1643,1982,1442,2148,1357,1600,1631,1529,1595,1630,1492,2066,517,144,1414,80,540,4431,1642,2584463,401284,2021-10-27 13:25
201912,서울종암경찰서,4706,850,36,342,283,20,1950,465,760,2141,1393,1172,92,155,587,592,730,706,668,1176,534,727,774,658,686,663,664,810,150,85,649,50,188,2154,620,3236270,432006,2021-10-27 13:25
201912,서울종로경찰서,5585,1157,16,429,289,19,2126,901,648,2901,1536,1148,39,125,915,797,884,881,785,1159,523,785,830,849,887,889,822,1245,344,194,236,49,265,2415,837,3486932,151790,2021-10-27 13:25
201912,서울은평경찰서,6435,1269,52,690,322,53,2553,831,665,2961,2179,1295,135,314,969,878,977,1000,861,1301,748,943,969,871,1050,1001,853,1391,369,96,861,64,247,2220,1187,2893760,481927,2021-10-27 13:25
201912,서울용산경찰서,9230,2006,10,885,447,54,3542,1375,911,4640,2616,1974,63,280,1955,1558,1315,1156,900,2003,1271,1275,1355,1236,1298,1409,1386,1414,992,166,717,84,321,3733,1803,3719494,225960,2021-10-27 13:25
201912,서울영등포경찰서,15662,2779,66,1176,608,31,7567,1828,1607,8136,4598,2928,223,522,2702,2453,2263,2539,2011,2949,1932,2271,2288,2290,2323,2493,2065,3274,668,297,1194,145,518,6713,2853,3375393,363735,2021-10-27 13:25
201912,서울양천경찰서,9373,2126,24,929,486,58,4066,876,808,4573,2908,1892,319,415,1139,1273,1517,1572,1221,1917,1005,1488,1433,1388,1368,1468,1223,1736,310,76,1021,47,377,3837,1969,3596148,459500,2021-10-27 13:25
201912,서울수서경찰서,10392,3805,32,1236,362,43,3478,663,773,5035,3261,2096,157,362,1392,1638,1650,1719,1331,2143,858,1648,1662,1670,1668,1740,1146,2958,309,155,891,78,245,3416,2340,4882461,541601,2021-10-27 13:25
201912,서울송파경찰서,18583,4576,34,1729,882,37,8115,1681,1529,9340,5564,3679,345,620,2865,3068,2920,2898,2154,3713,1989,2763,2840,2707,2892,3025,2367,4225,963,249,1857,159,686,6997,3447,3976746,666299,2021-10-27 13:25
201912,서울성북경찰서,4685,1038,27,540,331,16,1794,367,572,2142,1593,950,90,238,830,617,637,665,646,962,500,706,746,735,697,717,584,1001,149,63,590,29,179,1893,781,3236270,432006,2021-10-27 13:25
201912,서울성동경찰서,7826,1676,11,996,344,37,3109,868,785,3816,2306,1704,97,272,1361,1255,1114,1151,863,1713,820,1155,1203,1247,1115,1309,977,1744,237,91,954,45,269,3164,1322,3618648,306772,2021-10-27 13:25
201912,서울서초경찰서,14429,4861,54,714,687,35,5935,1180,963,6961,4444,3024,152,572,2861,2279,1988,2019,1483,3075,1435,2160,2150,2212,2299,2363,1810,3693,1102,179,850,86,477,4750,3292,4993836,430658,2021-10-27 13:25
201912,서울서부경찰서,4256,831,24,376,232,117,1780,534,362,2069,1309,878,93,167,606,574,627,705,598,886,492,635,636,657,669,648,519,903,207,73,650,53,208,1492,670,2893760,481927,2021-10-27 13:25
201912,서울서대문경찰서,8620,1639,32,995,417,117,3858,768,794,3914,2925,1781,137,446,1679,1190,1090,1185,1104,1789,924,1300,1252,1278,1307,1413,1146,1810,403,186,1067,99,356,3131,1568,3467929,308345,2021-10-27 13:25
201912,서울방배경찰서,4125,1127,3,482,157,17,1447,287,605,1996,1191,938,51,167,584,579,632,613,555,944,380,628,635,659,661,657,505,707,79,27,350,24,87,1728,1123,4993836,430658,2021-10-27 13:25
201912,서울마포경찰서,12859,2617,36,1112,694,37,5314,1445,1604,5937,3921,3001,136,767,3200,1788,1481,1390,1057,3040,1714,1786,1925,1699,1827,1985,1923,2252,1135,169,1008,132,559,5250,2354,3748101,356354,2021-10-27 13:25
201912,서울동작경찰서,8849,1928,24,916,414,63,3806,768,930,4330,2820,1699,134,377,1616,1320,1148,1332,1205,1717,976,1247,1393,1287,1391,1413,1142,1918,310,112,1044,62,386,3679,1338,3399837,393645,2021-10-27 13:25
201912,서울동대문경찰서,10273,2101,21,1126,549,77,3863,1198,1338,5240,2941,2092,127,362,1489,1385,1502,1694,1602,2112,1186,1471,1574,1496,1524,1659,1363,2092,478,190,1013,99,463,4371,1567,3037058,342991,2021-10-27 13:25
201912,서울도봉경찰서,6305,1459,17,808,442,77,2423,478,601,3009,1977,1319,119,274,783,816,968,1059,961,1325,727,983,947,900,958,987,803,1226,242,49,917,74,256,2336,1205,2746838,336982,2021-10-27 13:25
201912,서울노원경찰서,10786,2239,7,956,751,89,4746,977,1021,5034,3488,2264,251,598,1566,1311,1691,1675,1412,2282,1260,1548,1663,1505,1649,1679,1482,2258,505,87,1599,98,431,4165,1643,3229816,540726,2021-10-27 13:25
201912,서울남대문경찰서,5205,961,56,777,193,29,2068,542,579,2425,1595,1185,13,143,1005,821,747,794,488,1194,442,860,830,857,806,857,553,1602,82,127,131,21,341,2146,755,3512016,120237,2021-10-27 13:25
201912,서울금천경찰서,8790,2014,13,1004,491,59,3374,1178,657,4216,2568,2006,103,282,1269,1179,1467,1476,987,2027,1078,1357,1341,1296,1227,1343,1148,1755,409,127,1014,73,294,3128,1990,2594292,231235,2021-10-27 13:25
201912,서울구로경찰서,11669,2172,23,978,654,43,5647,1231,921,5931,3502,2236,226,416,1700,1787,1847,1987,1436,2270,1371,1711,1747,1676,1834,1862,1468,2654,493,238,1357,101,453,4305,2068,2940608,400454,2021-10-27 13:25
201912,서울광진경찰서,10243,2006,63,920,581,34,4439,1106,1094,4764,3101,2378,163,577,1982,1433,1324,1405,961,2398,1245,1521,1518,1502,1527,1539,1391,1856,527,182,981,122,448,4013,2114,3096583,354353,2021-10-27 13:25
201912,서울관악경찰서,14809,3306,31,1328,837,77,5780,1915,1535,6975,4539,3295,265,549,3145,1984,1764,1986,1795,3321,1732,2218,2213,2158,2124,2386,1978,2657,1022,241,1832,132,630,5556,2739,2821021,502326,2021-10-27 13:25
201912,서울강서경찰서,14059,2908,62,1743,770,72,5011,1322,2171,6675,4437,2947,228,501,2136,2195,2122,2180,1720,2977,1719,2017,2097,2154,2084,2225,1763,2905,746,168,1626,112,525,5062,2915,3106548,593467,2021-10-27 13:25
201912,서울강북경찰서,9952,1707,23,956,584,45,4238,1546,853,5056,3221,1675,169,524,1697,1408,1530,1638,1285,1701,1283,1426,1531,1524,1438,1439,1311,1575,794,157,1238,61,418,3740,1969,2522846,318360,2021-10-27 13:25
201912,서울강동경찰서,10342,2251,12,1008,669,38,4275,1515,574,5307,3374,1661,200,399,1414,1494,1682,1893,1515,1745,1205,1566,1534,1511,1559,1645,1322,2204,596,183,1275,62,474,4014,1534,3370803,425059,2021-10-27 13:25
201912,서울강남경찰서,16853,4858,396,1797,869,42,5719,823,2349,7703,4983,4167,74,483,3228,3087,2375,1975,1338,4293,1577,2566,2575,2651,2618,2844,2022,4124,1289,267,1016,164,540,5696,3757,4882461,541601,2021-10-27 13:25
201912,서귀포해양경비안전서,599,9,444,0,24,10,42,0,70,42,10,547,0,0,5,6,13,18,9,548,77,92,84,91,85,91,79,96,2,0,7,0,0,488,6,0,0,2021-10-27 13:25
201912,부안해양경비안전서,324,1,0,4,61,2,8,3,245,13,0,311,0,0,0,2,2,6,3,311,30,43,47,67,52,49,36,318,0,0,0,0,0,5,1,0,0,2021-10-27 13:25
201912,부산해운대경찰서,11112,3082,74,1391,733,165,3675,1030,962,5306,3305,2501,189,586,1695,1673,1789,1521,1134,2525,1188,1741,1722,1661,1628,1803,1369,2298,512,276,1238,53,416,3752,2567,0,0,2021-10-27 13:25
201912,부산해양경비안전서,5316,40,2083,3,378,34,31,0,2747,104,3,5209,0,1,7,12,23,31,31,5211,444,1734,803,738,568,511,518,3232,4,8,6,0,13,1719,334,0,0,2021-10-27 13:25
201912,부산진경찰서,15513,3745,157,1081,823,41,6597,1493,1576,7647,5016,2850,159,945,3280,1965,2045,2214,2025,2880,1885,2297,2215,2235,2219,2479,2183,2584,1497,310,1384,109,804,5639,3186,0,0,2021-10-27 13:25
201912,부산지방경찰청,4168,84,38,500,271,304,857,45,2069,748,669,2751,122,40,172,254,347,334,143,2756,293,772,692,661,666,734,350,1267,58,152,407,14,57,1149,1064,0,0,2021-10-27 13:25
201912,부산중부경찰서,4065,695,71,619,194,116,1253,670,447,1939,1277,849,26,208,705,545,590,619,522,850,490,629,559,654,560,623,550,830,394,75,278,29,332,1491,636,0,0,2021-10-27 13:25
201912,부산영도경찰서,3483,717,46,663,150,113,773,383,638,1744,1083,656,45,171,463,481,578,542,538,665,369,588,543,536,522,490,435,609,182,55,467,18,110,1179,863,0,0,2021-10-27 13:25
201912,부산연제경찰서,8682,2196,132,686,313,427,3172,805,951,4264,2561,1857,122,338,1254,1161,1280,1449,1203,1875,906,1367,1283,1320,1324,1422,1060,1992,557,135,857,55,353,2981,1752,0,0,2021-10-27 13:25
201912,부산서부경찰서,3694,878,78,660,144,87,1190,327,330,1874,1136,684,48,156,428,633,553,608,574,694,408,568,570,555,590,595,408,748,115,84,401,25,201,1212,908,0,0,2021-10-27 13:25
201912,부산사하경찰서,8236,2097,162,1016,457,120,2727,719,938,4010,2343,1883,110,415,1074,1124,1286,1282,1046,1899,827,1268,1341,1268,1205,1312,1015,1596,391,130,1007,47,317,3046,1702,0,0,2021-10-27 13:25
201912,부산사상경찰서,8177,1573,154,1713,397,84,2748,602,906,4202,2362,1613,99,514,1393,1152,1115,1333,945,1626,874,1290,1210,1124,1166,1405,1108,1442,362,143,869,52,297,2916,2096,0,0,2021-10-27 13:25
201912,부산북부경찰서,8027,1723,114,1780,352,137,2279,775,867,4212,2296,1519,132,622,1481,997,1019,1268,979,1529,934,1250,1146,1193,1229,1218,1057,1195,415,106,1017,46,262,2744,2242,0,0,2021-10-27 13:25
201912,부산동부경찰서,4959,918,87,797,131,201,1461,607,757,2523,1383,1053,45,211,696,660,740,829,721,1057,521,752,743,752,735,779,677,871,362,113,390,72,212,2061,878,0,0,2021-10-27 13:25
201912,부산동래경찰서,7956,1968,12,838,454,92,2730,926,936,3958,2362,1636,126,347,1130,1077,1218,1265,1133,1660,906,1206,1160,1231,1134,1218,1101,1442,599,116,778,52,377,3170,1422,0,0,2021-10-27 13:25
201912,부산남부경찰서,11681,2679,69,1715,580,332,4283,1020,1003,5914,3820,1947,190,680,2215,1731,1742,1699,1451,1973,1318,1802,1786,1746,1751,1796,1482,1956,631,166,1361,80,449,4243,2795,0,0,2021-10-27 13:25
201912,부산기장경찰서,4615,1395,41,646,183,41,1181,358,770,1978,1255,1382,91,181,454,662,699,693,449,1386,424,806,686,724,708,799,468,900,148,42,510,18,142,1822,1033,0,0,2021-10-27 13:25
201912,부산금정경찰서,7085,1780,69,661,349,229,2668,494,835,3356,2049,1680,103,397,1123,869,976,1058,870,1689,768,1156,1064,1037,1059,1082,919,1419,300,88,917,49,442,2552,1318,0,0,2021-10-27 13:25
201912,부산강서경찰서,3906,1167,15,505,277,75,1217,122,528,1927,804,1175,49,84,351,583,601,638,405,1195,389,668,633,609,575,622,410,907,66,33,318,18,105,1646,813,0,0,2021-10-27 13:25
201912,보령해양경비안전서,206,8,4,1,51,3,37,32,70,47,7,152,0,0,1,6,19,15,11,154,45,30,26,30,24,22,29,166,0,0,0,0,1,28,11,0,0,2021-10-27 13:25
201912,목포해양경비안전서,3475,89,2905,3,200,34,85,3,156,235,17,3223,0,1,12,30,66,83,57,3226,381,536,511,488,582,560,417,1468,2,14,16,0,23,476,1476,0,0,2021-10-27 13:25
201912,동해해양경비안전서,1881,13,1771,0,24,4,6,2,61,19,4,1858,0,0,3,3,6,4,5,1860,258,266,282,267,276,272,260,1860,0,0,1,0,0,17,3,0,0,2021-10-27 13:25
201912,동해해양경비안전본부,114,4,86,1,0,5,0,0,18,4,0,110,0,0,0,1,1,2,0,110,9,14,15,9,40,16,11,102,0,0,1,0,1,4,6,0,0,2021-10-27 13:25
201912,대전지방경찰청,1160,33,8,473,71,83,189,6,297,405,366,389,55,27,84,121,201,217,64,391,68,181,185,219,225,215,67,287,89,36,185,5,11,107,440,0,0,2021-10-27 13:25
201912,대전중부경찰서,8183,1531,98,977,528,23,4023,508,495,4090,2700,1393,182,486,1292,1108,1317,1278,1108,1412,950,1277,1245,1166,1191,1276,1078,1662,361,158,1374,50,391,3369,818,0,0,2021-10-27 13:25
201912,대전유성경찰서,8700,1830,95,834,596,26,4365,241,713,4313,2583,1804,167,404,1392,1464,1399,1276,786,1812,966,1252,1356,1333,1318,1383,1092,1608,207,120,914,45,257,4065,1484,0,0,2021-10-27 13:25
201912,대전서부경찰서,6170,1318,13,404,542,78,3047,290,478,2862,1990,1318,124,333,949,865,883,994,693,1329,739,907,913,916,900,989,806,1330,232,51,1030,71,274,2566,616,0,0,2021-10-27 13:25
201912,대전둔산경찰서,7895,1557,40,968,630,26,3939,291,444,3829,2698,1368,149,462,1703,1180,1163,1132,722,1384,962,1167,1123,1093,1170,1301,1079,1402,426,56,910,69,292,3262,1478,0,0,2021-10-27 13:25
201912,대전동부경찰서,7382,1148,51,1082,539,25,3753,351,433,3824,2289,1269,129,489,1162,1044,1071,1141,1049,1297,849,1204,1063,1075,1075,1124,992,1184,172,103,830,53,377,3138,1525,0,0,2021-10-27 13:25
201912,대전대덕경찰서,5493,922,33,892,403,22,2555,228,438,2801,1546,1146,111,272,732,798,882,937,609,1152,579,833,789,837,865,898,692,948,198,63,634,46,177,2250,1177,0,0,2021-10-27 13:25
201912,대구지방경찰청,1186,49,15,183,106,196,226,14,397,271,298,617,75,23,84,106,111,117,49,621,87,220,199,193,201,187,99,320,51,31,243,2,15,169,355,0,0,2021-10-27 13:25
201912,대구중부경찰서,6961,910,236,746,356,92,3863,293,465,3697,2308,956,57,677,1931,1013,864,797,664,958,1013,960,900,948,952,1057,1131,1324,663,106,390,24,538,2859,1057,0,0,2021-10-27 13:25
201912,대구수성경찰서,10834,2298,34,1470,740,44,4832,367,1049,5262,3264,2308,226,532,1523,1596,1721,1720,1196,2320,1132,1635,1714,1710,1559,1645,1439,1820,297,102,1297,68,290,5025,1935,0,0,2021-10-27 13:25
201912,대구성서경찰서,9366,1265,108,1394,704,94,4562,516,723,4807,2706,1853,182,517,1582,1435,1477,1420,893,1860,1134,1463,1359,1398,1406,1392,1214,1554,356,139,1163,57,321,4241,1535,0,0,2021-10-27 13:25
201912,대구서부경찰서,6554,1020,2,497,458,55,3443,445,634,3099,1896,1559,88,223,746,758,984,1255,931,1569,795,964,984,914,958,1014,925,1225,326,92,808,57,255,3087,704,0,0,2021-10-27 13:25
201912,대구북부경찰서,6570,943,18,669,582,71,3216,277,794,3241,1745,1584,90,320,1036,830,924,1030,742,1598,781,993,967,933,940,1048,908,1255,213,48,665,62,253,3149,925,0,0,2021-10-27 13:25
201912,대구동부경찰서,10369,1677,46,1280,627,89,5082,576,992,5280,3097,1992,221,505,1554,1478,1621,1635,1330,2025,1231,1552,1587,1548,1530,1551,1370,2066,312,135,1069,97,361,4555,1774,0,0,2021-10-27 13:25
201912,대구달성경찰서,5061,1084,94,471,422,56,2092,203,639,2276,1389,1396,125,189,525,782,809,745,482,1404,610,773,756,777,798,783,564,857,109,31,669,27,188,2240,940,0,0,2021-10-27 13:25
201912,대구달서경찰서,7364,975,1,1085,511,36,3718,273,765,3750,2098,1516,195,474,1124,1027,1189,1080,750,1525,840,1085,1148,1068,1067,1110,1046,1322,143,51,1090,49,228,3538,943,0,0,2021-10-27 13:25
201912,대구남부경찰서,5557,987,43,563,361,65,2786,256,496,2707,1701,1149,71,291,927,742,816,856,700,1154,644,857,789,848,851,839,729,1151,231,66,754,52,197,2435,671,0,0,2021-10-27 13:25
201912,대구강북경찰서,5402,887,23,351,516,30,2859,154,582,2696,1604,1102,151,341,683,787,981,876,470,1113,660,765,811,798,798,836,734,1026,140,43,774,37,162,2593,627,0,0,2021-10-27 13:25
201912,남해해양경비안전본부,46,2,21,4,1,10,0,1,7,3,1,42,0,1,0,0,2,0,1,42,2,10,8,7,5,11,3,16,0,0,3,0,9,2,16,0,0,2021-10-27 13:25
201912,군산해양경비안전서,2908,20,2207,4,78,20,21,7,551,54,3,2851,1,0,1,6,11,20,18,2851,325,655,384,392,423,372,357,902,1,1,2,0,2,34,1966,0,0,2021-10-27 13:25
201912,광주지방경찰청,866,81,38,165,51,212,50,10,259,153,196,517,55,22,42,41,78,77,33,518,62,146,154,134,152,144,74,350,21,37,157,2,9,145,145,0,0,2021-10-27 13:25
201912,광주서부경찰서,11395,1786,31,1953,820,34,5220,778,773,5560,3413,2422,171,596,2332,1779,1641,1539,901,2436,1292,1693,1682,1675,1613,1940,1500,1827,697,143,1295,75,375,5059,1924,0,0,2021-10-27 13:25
201912,광주북부경찰서,12079,2268,149,1269,854,98,5651,767,1023,6038,3486,2555,238,636,1880,1751,1861,1835,1308,2570,1377,1848,1771,1777,1795,1884,1627,2249,570,165,1492,75,435,5618,1475,0,0,2021-10-27 13:25
201912,광주동부경찰서,4834,854,18,1011,256,20,2020,285,370,2462,1552,820,65,500,954,635,579,618,648,835,563,737,700,654,729,766,685,1045,298,71,420,28,281,1741,950,0,0,2021-10-27 13:25
201912,광주남부경찰서,4994,1062,124,416,283,5,2407,231,466,2295,1575,1124,107,262,643,649,766,774,667,1126,584,780,723,759,751,751,646,823,190,53,695,34,244,2325,630,0,0,2021-10-27 13:25
201912,광주광산경찰서,11030,1717,124,1653,932,14,4895,602,1093,5380,3124,2526,262,615,1616,1839,1862,1516,787,2533,1321,1540,1594,1622,1675,1780,1498,1777,474,131,1251,61,370,5081,1885,0,0,2021-10-27 13:25
201912,경찰청,53,5,1,0,7,11,1,0,28,11,1,41,0,0,1,3,3,3,1,42,2,9,9,12,6,10,5,29,0,1,1,0,0,0,22,3486932,151790,2021-10-27 13:25
201912,경북포항북부경찰서,8001,1247,243,1146,591,104,3037,349,1284,3638,2297,2066,124,378,963,1044,1230,1161,1023,2078,972,1212,1144,1202,1170,1256,1045,1246,363,82,1086,78,293,3605,1248,0,0,2021-10-27 13:25
201912,경북포항남부경찰서,7161,1101,322,824,593,59,2546,417,1299,3218,2101,1842,130,309,820,957,1146,1166,789,1844,830,1047,1040,1021,1104,1139,980,1256,365,91,1018,54,192,3259,926,0,0,2021-10-27 13:25
201912,경북칠곡경찰서,4212,763,12,588,577,15,1491,177,589,1907,996,1309,70,195,431,579,636,590,387,1324,490,662,659,615,612,644,530,903,87,29,460,18,118,1899,698,0,0,2021-10-27 13:25
201912,경북청송경찰서,731,268,3,48,86,7,208,26,85,371,182,178,5,13,29,63,106,172,163,180,74,103,117,110,115,118,94,162,59,5,112,1,8,226,158,0,0,2021-10-27 13:25
201912,경북청도경찰서,1023,283,2,86,224,1,348,18,61,504,283,236,4,24,59,83,159,222,235,237,137,153,157,147,145,154,130,186,29,8,161,4,40,414,181,0,0,2021-10-27 13:25
201912,경북지방경찰청,955,65,10,233,49,149,142,5,302,261,273,421,94,28,59,86,112,106,48,422,44,155,176,196,181,140,63,266,16,14,227,6,6,145,275,0,0,2021-10-27 13:25
201912,경북의성경찰서,1150,247,13,134,209,16,398,23,110,476,361,313,12,26,69,115,129,234,251,314,116,192,192,164,168,191,127,208,21,11,169,7,23,458,253,0,0,2021-10-27 13:25
201912,경북울진경찰서,1152,259,6,126,113,3,315,37,293,471,288,393,12,16,64,102,186,200,177,395,107,199,184,157,191,183,131,178,35,19,161,4,14,563,178,0,0,2021-10-27 13:25
201912,경북울릉경찰서,201,57,0,13,32,4,60,13,22,100,50,51,2,1,3,28,43,48,24,52,28,26,25,23,27,40,32,37,10,5,24,1,4,75,45,0,0,2021-10-27 13:25
201912,경북예천경찰서,1015,226,18,82,228,11,332,26,92,465,274,276,18,27,55,112,121,196,203,283,113,172,154,147,167,137,125,167,36,8,162,2,31,471,138,0,0,2021-10-27 13:25
201912,경북영천경찰서,3193,563,147,318,755,38,1086,88,198,1524,884,785,38,106,285,353,503,603,519,786,371,466,525,460,480,456,435,601,74,23,328,9,84,1516,558,0,0,2021-10-27 13:25
201912,경북영주경찰서,2443,465,5,380,256,34,800,86,417,1203,758,482,42,113,295,269,419,407,412,486,288,379,361,361,379,357,318,382,102,36,357,5,84,1044,433,0,0,2021-10-27 13:25
201912,경북영양경찰서,349,100,0,78,37,8,79,9,38,183,93,73,1,26,38,39,45,54,73,73,35,55,52,62,48,46,51,50,14,3,70,2,4,119,87,0,0,2021-10-27 13:25
201912,경북영덕경찰서,1059,253,13,127,197,17,325,58,69,477,337,245,11,24,79,112,186,201,201,245,135,158,165,153,159,154,135,153,55,31,139,5,20,452,204,0,0,2021-10-27 13:25
201912,경북안동경찰서,4604,899,20,594,600,36,2025,170,260,2247,1401,956,62,158,531,629,801,784,677,962,551,734,685,709,688,682,555,813,204,62,616,18,174,1984,733,0,0,2021-10-27 13:25
201912,경북성주경찰서,1311,424,7,145,133,23,416,16,147,578,307,426,9,22,77,132,157,243,239,432,122,189,184,236,235,196,149,209,22,8,129,4,23,504,412,0,0,2021-10-27 13:25
201912,경북상주경찰서,2528,540,17,314,386,7,875,81,308,1247,699,582,53,107,227,267,425,423,443,583,287,388,389,380,407,408,269,396,61,18,322,5,104,1233,389,0,0,2021-10-27 13:25
201912,경북봉화경찰서,544,125,0,41,57,34,205,24,58,191,170,183,7,9,26,28,60,110,119,185,59,78,102,82,86,71,66,83,11,4,103,0,18,257,68,0,0,2021-10-27 13:25
201912,경북문경경찰서,1820,411,12,207,262,12,607,49,260,841,534,445,34,66,139,185,292,320,339,445,196,286,288,291,260,262,237,368,73,23,226,6,42,802,280,0,0,2021-10-27 13:25
201912,경북김천경찰서,4159,807,21,534,316,12,1782,105,582,1907,1162,1090,61,204,434,517,622,653,567,1101,455,652,618,576,642,655,561,818,136,57,539,26,86,1678,819,0,0,2021-10-27 13:25
201912,경북군위경찰서,522,148,13,61,55,2,141,7,95,243,134,145,6,11,39,52,54,92,124,144,57,75,97,81,84,70,58,90,8,0,66,0,18,222,118,0,0,2021-10-27 13:25
201912,경북구미경찰서,12706,2203,257,2221,1045,73,4867,508,1532,5949,3491,3266,244,627,2066,2054,1958,1605,859,3293,1445,1792,1872,1931,1950,2032,1684,2175,374,132,1670,43,525,5202,2585,0,0,2021-10-27 13:25
201912,경북고령경찰서,681,166,14,86,117,22,213,10,53,289,179,213,11,9,32,67,94,134,118,216,77,107,125,86,100,98,88,136,6,0,93,1,16,315,114,0,0,2021-10-27 13:25
201912,경북경주경찰서,9000,1455,226,1920,647,30,3486,287,949,4248,2671,2081,124,392,1151,1335,1411,1344,1157,2086,1064,1360,1305,1364,1377,1356,1174,1410,221,161,917,65,242,3833,2151,0,0,2021-10-27 13:25
201912,경북경산경찰서,7355,1349,90,644,459,32,3566,409,806,3453,2240,1662,107,398,1194,950,1157,1125,754,1670,895,1107,1138,1060,1139,1111,905,1274,226,51,964,48,290,3428,1074,0,0,2021-10-27 13:25
201912,경남합천경찰서,912,224,13,100,165,6,269,23,112,383,232,297,8,20,62,60,118,159,187,298,108,116,153,150,128,156,101,174,21,8,114,2,35,410,148,0,0,2021-10-27 13:25
201912,경남함양경찰서,909,187,3,108,160,19,252,23,157,358,253,298,14,34,57,56,114,151,171,312,94,146,153,118,134,163,101,145,36,6,117,3,23,461,118,0,0,2021-10-27 13:25
201912,경남함안경찰서,1504,494,3,173,244,7,398,43,142,742,341,421,20,39,102,163,266,264,228,422,143,217,239,228,235,258,184,445,38,9,155,6,36,616,199,0,0,2021-10-27 13:25
201912,경남하동경찰서,1049,276,35,201,145,9,264,7,112,513,257,279,15,40,104,97,156,189,167,281,116,197,146,145,159,147,139,173,22,12,147,2,21,399,273,0,0,2021-10-27 13:25
201912,경남통영경찰서,4275,967,21,433,437,35,1835,115,432,1924,1318,1033,75,136,384,562,775,723,571,1049,467,625,632,635,626,667,623,697,253,60,481,18,117,1952,697,0,0,2021-10-27 13:25
201912,경남창원중부경찰서,8060,1655,215,1624,432,49,3167,256,662,4101,2375,1584,104,460,1557,1358,1282,1147,549,1603,971,1208,1238,1152,1218,1269,1004,1498,460,123,837,38,347,2783,1974,0,0,2021-10-27 13:25
201912,경남창원서부경찰서,6350,1147,176,1174,568,32,2218,279,756,3029,1802,1519,61,256,838,884,1008,1103,670,1530,748,891,996,959,1007,949,800,1148,371,70,696,32,267,2492,1274,0,0,2021-10-27 13:25
201912,경남창녕경찰서,1503,467,12,145,151,6,355,24,343,641,385,477,10,31,89,113,204,304,263,489,185,221,216,214,214,275,178,272,42,32,133,10,47,662,305,0,0,2021-10-27 13:25
201912,경남진해경찰서,4195,889,7,555,307,36,1886,175,340,2066,1294,835,107,138,470,657,798,675,505,845,456,633,613,621,620,677,575,674,224,78,456,17,166,1845,735,0,0,2021-10-27 13:25
201912,경남진주경찰서,8832,1970,333,1100,764,63,3287,442,873,4125,2644,2063,130,405,1109,1213,1393,1383,1133,2066,1017,1305,1265,1354,1444,1367,1080,1536,482,139,1073,52,413,3361,1776,0,0,2021-10-27 13:25
201912,경남지방경찰청,1999,113,14,756,100,122,341,15,538,711,596,692,118,32,110,225,358,330,130,696,125,344,363,332,361,357,117,631,27,24,361,8,15,277,656,0,0,2021-10-27 13:25
201912,경남의령경찰서,791,229,9,162,105,3,204,21,58,354,258,179,3,18,88,93,89,158,163,179,90,119,130,105,126,129,92,153,35,6,96,1,22,277,201,0,0,2021-10-27 13:25
201912,경남양산경찰서,10349,2336,129,1396,527,124,3597,328,1912,4245,2667,3437,174,451,1166,1332,1467,1379,910,3470,1136,1548,1562,1568,1652,1631,1252,1778,364,117,1211,53,367,4563,1896,0,0,2021-10-27 13:25
201912,경남산청경찰서,680,161,6,50,114,19,258,14,58,342,193,145,12,11,35,64,106,135,171,146,90,106,108,88,96,99,93,140,21,8,84,1,12,330,84,0,0,2021-10-27 13:25
201912,경남사천경찰서,3220,771,30,328,487,37,1006,154,407,1536,942,742,46,111,312,380,541,565,516,749,361,476,464,455,513,523,428,451,219,43,311,9,63,1468,656,0,0,2021-10-27 13:25
201912,경남밀양경찰서,2906,902,17,294,260,49,1013,99,272,1360,805,741,30,79,237,281,397,550,580,752,333,467,458,411,420,421,396,519,113,33,306,22,52,1183,678,0,0,2021-10-27 13:25
201912,경남마산중부경찰서,4408,895,89,468,215,28,1725,173,815,1937,1230,1241,47,129,371,497,643,797,678,1246,607,641,612,599,745,638,566,775,318,72,426,40,155,1937,685,0,0,2021-10-27 13:25
201912,경남마산동부경찰서,6000,1379,39,760,379,23,2285,371,764,2820,1773,1407,80,219,798,819,907,994,768,1415,729,850,890,910,903,926,792,1288,373,94,639,62,284,2254,1006,0,0,2021-10-27 13:25
201912,경남남해경찰서,841,293,7,72,141,4,253,10,61,407,241,193,11,24,68,75,116,162,187,198,96,146,151,104,106,134,104,121,20,16,141,2,18,331,192,0,0,2021-10-27 13:25
201912,경남김해중부경찰서,10689,1905,215,1720,801,76,4380,664,928,4984,3075,2630,178,619,1633,1535,1551,1622,908,2643,1269,1624,1552,1563,1611,1692,1378,2047,529,114,1328,82,353,4015,2221,0,0,2021-10-27 13:25
201912,경남김해서부경찰서,6711,1653,89,875,511,149,2490,156,788,3323,1554,1834,126,316,723,971,1229,941,528,1877,699,1048,1028,995,1041,1064,836,1558,196,54,790,23,229,2561,1300,0,0,2021-10-27 13:25
201912,경남고성경찰서,1629,499,18,174,146,16,608,39,129,743,458,428,24,37,107,146,265,319,302,429,151,266,257,263,231,271,190,340,55,16,237,23,43,671,244,0,0,2021-10-27 13:25
201912,경남거창경찰서,1414,407,1,146,266,15,404,53,122,632,393,389,31,56,115,139,215,248,219,391,183,230,218,214,191,209,169,238,45,10,114,3,30,612,362,0,0,2021-10-27 13:25
201912,경남거제경찰서,7289,1719,9,757,616,61,2677,277,1173,3254,2031,2004,136,227,721,1203,1286,1046,651,2019,824,1007,1139,1144,1073,1154,948,1194,393,101,774,37,146,3060,1584,0,0,2021-10-27 13:25
201912,경기화성서부경찰서,10487,2296,35,966,678,68,4578,513,1353,4773,2286,3428,163,271,981,1431,1582,1651,972,3436,1208,1579,1520,1644,1609,1628,1299,2114,331,92,907,55,292,4823,1873,0,0,2021-10-27 13:25
201912,경기하남경찰서,5813,1201,49,660,437,47,2771,286,362,2797,1734,1282,149,164,705,1002,970,939,598,1286,631,872,855,957,857,877,764,1456,125,38,806,23,221,2359,785,0,0,2021-10-27 13:25
201912,경기포천경찰서,6079,1451,32,641,445,45,2405,393,667,2628,1495,1956,85,206,611,593,844,1026,757,1957,731,916,860,850,908,972,842,1363,225,61,761,12,161,2675,821,0,0,2021-10-27 13:25
201912,경기평택경찰서,21980,3142,129,2340,1292,128,8937,1587,4425,9980,5650,6350,347,753,2989,3206,3325,3201,1738,6421,2606,3218,3173,3454,3263,3268,2998,3566,1090,217,2356,106,712,10527,3406,0,0,2021-10-27 13:25
201912,경기파주경찰서,11632,2747,35,1245,835,57,4980,528,1205,5280,3094,3258,286,476,1248,1684,1778,1749,1095,3316,1276,1779,1777,1803,1798,1759,1440,2081,309,87,1269,39,312,5108,2427,0,0,2021-10-27 13:25
201912,경기일산서부경찰서,6890,1534,25,1390,423,47,2573,252,646,3265,2011,1614,172,341,899,1126,1142,980,603,1627,660,1004,1084,1122,1101,1116,803,1262,167,79,773,30,215,2414,1950,0,0,2021-10-27 13:25
201912,경기일산동부경찰서,9504,2307,83,859,629,49,4087,620,870,4311,2750,2443,157,445,1366,1285,1446,1449,833,2523,1052,1417,1472,1438,1468,1460,1197,2133,408,64,1104,41,346,3671,1737,0,0,2021-10-27 13:25
201912,경기이천경찰서,7344,1392,4,689,732,38,3338,422,729,3427,1876,2041,116,337,995,976,1072,1083,708,2057,909,1059,1031,1091,1097,1170,987,1478,282,85,828,29,220,3235,1187,0,0,2021-10-27 13:25
201912,경기의정부경찰서,14287,2634,57,1195,981,76,6690,1407,1247,6654,4448,3185,318,722,2078,1930,2209,2266,1553,3211,1811,2089,2061,2045,2136,2171,1974,2378,925,221,1705,69,542,5550,2897,0,0,2021-10-27 13:25
201912,경기의왕경찰서,3064,613,2,375,266,45,1272,176,315,1511,882,671,82,151,383,400,492,527,354,675,340,472,489,471,452,467,373,577,48,28,329,17,50,1421,594,0,0,2021-10-27 13:25
201912,경기용인서부경찰서,6802,1565,0,817,426,161,3086,156,591,3130,2176,1496,158,283,865,966,1194,1059,764,1513,675,1012,1033,1085,1119,1068,810,1267,194,70,860,43,222,2681,1465,0,0,2021-10-27 13:25
201912,경기용인동부경찰서,14439,2835,190,1451,1125,164,6690,597,1387,6635,4127,3677,325,617,1829,2033,2388,2201,1344,3702,1542,2218,2125,2272,2198,2250,1834,2913,474,221,1620,43,438,6013,2717,0,0,2021-10-27 13:25
201912,경기오산경찰서,7252,995,2,596,612,28,3682,611,726,3417,2138,1697,176,311,1088,1302,1144,997,523,1711,884,1017,1102,1083,1089,1145,932,1256,333,91,1143,27,265,3245,892,0,0,2021-10-27 13:25
201912,경기연천경찰서,1379,420,7,241,109,19,358,99,126,703,361,315,28,39,138,193,195,231,229,326,125,245,230,212,208,195,164,223,68,5,196,8,44,542,293,0,0,2021-10-27 13:25
201912,경기여주경찰서,3669,798,27,209,345,255,1344,195,496,1592,969,1108,55,181,329,462,490,581,449,1122,457,554,525,564,506,585,478,718,104,36,439,17,118,1623,614,0,0,2021-10-27 13:25
201912,경기양평경찰서,3464,1135,5,158,225,66,1313,163,399,1514,925,1025,67,81,209,315,508,654,585,1045,375,578,517,521,533,525,415,638,81,26,361,10,59,1403,886,0,0,2021-10-27 13:25
201912,경기양주경찰서,6489,1520,27,664,423,33,2613,431,778,2896,1647,1946,153,306,589,790,970,1047,678,1956,698,930,990,965,1035,1027,844,1311,171,53,742,36,194,2854,1128,0,0,2021-10-27 13:25
201912,경기안양만안경찰서,7089,1395,40,638,541,110,2769,768,828,3128,2117,1844,113,328,961,810,940,1287,791,1859,886,1080,1050,1026,1023,1033,991,1330,431,149,1036,57,374,2678,1034,0,0,2021-10-27 13:25
201912,경기안양동안경찰서,7783,1652,4,781,432,232,3303,595,784,3781,2374,1628,145,418,1257,1077,1251,1227,756,1652,838,1050,1153,1231,1214,1249,1048,1754,471,92,791,48,246,2938,1443,0,0,2021-10-27 13:25
201912,경기안성경찰서,6305,1329,3,613,706,87,2522,190,855,2707,1702,1896,104,277,737,754,969,944,621,1899,744,945,916,903,934,1029,834,1358,220,47,908,36,210,2736,790,0,0,2021-10-27 13:25
201912,경기안산상록경찰서,10487,1662,37,1123,882,48,4737,1000,998,4948,3284,2255,288,507,1601,1472,1733,1717,885,2284,1282,1476,1602,1547,1563,1646,1371,1510,408,120,1524,83,359,4565,1918,0,0,2021-10-27 13:25
201912,경기안산단원경찰서,14450,1976,43,1500,1126,194,6916,1166,1529,6949,4154,3347,290,812,2344,2099,2211,2262,1056,3376,1912,2137,2048,2107,2003,2213,2030,2620,811,170,1640,106,482,6377,2244,0,0,2021-10-27 13:25
201912,경기시흥경찰서,17613,2621,11,1999,1183,338,7834,1259,2368,8019,4847,4747,438,806,2274,2635,2872,2582,1225,4781,2115,2499,2562,2643,2681,2800,2313,2535,574,176,2147,88,382,8715,2996,0,0,2021-10-27 13:25
201912,경기수원중부경찰서,12569,1875,116,1683,881,112,5026,1111,1765,5684,3930,2955,254,559,1738,1647,1960,2093,1348,2970,1523,1818,1894,1856,1892,1866,1720,2064,501,179,1790,61,431,5444,2099,0,0,2021-10-27 13:25
201912,경기수원서부경찰서,10236,1854,39,838,825,79,4942,773,886,5154,3034,2048,165,573,1759,1559,1602,1542,962,2074,1282,1445,1501,1542,1428,1637,1401,2124,396,234,1126,50,450,4072,1784,0,0,2021-10-27 13:25
201912,경기수원남부경찰서,19500,2629,262,3094,1423,257,7871,1243,2721,9054,5436,5010,299,917,3985,3242,2777,2138,1102,5040,2515,2876,2927,2769,2888,2848,2677,3012,1129,289,2018,161,698,7888,4305,0,0,2021-10-27 13:25
201912,경기성남중원경찰서,7740,1107,76,685,369,309,3120,967,1107,3599,2285,1856,112,320,1090,1061,1104,1263,922,1868,968,1134,1157,1126,1101,1132,1122,1284,544,174,848,38,252,3356,1244,0,0,2021-10-27 13:25
201912,경기성남수정경찰서,8027,1402,229,770,504,276,3304,676,866,3600,2544,1883,154,309,1038,1054,1236,1363,975,1898,962,1208,1222,1193,1206,1184,1052,1410,448,129,1245,47,297,3166,1285,0,0,2021-10-27 13:25
201912,경기분당경찰서,12350,2334,113,2019,769,161,4535,532,1887,5334,3728,3288,203,521,1864,1842,1876,1608,1119,3317,1207,1774,1932,1865,2108,1977,1487,3023,334,137,1283,41,410,4920,2202,0,0,2021-10-27 13:25
201912,경기북부지방경찰청,673,33,3,102,45,129,77,22,262,106,165,402,72,20,34,35,49,43,18,402,33,154,133,96,110,106,41,148,41,19,178,8,3,122,154,0,0,2021-10-27 13:25
201912,경기부천원미경찰서,16562,2438,26,2433,851,133,7602,1356,1723,7937,5150,3475,335,966,2909,2505,2428,2413,1519,3487,2092,2362,2435,2458,2362,2453,2400,2646,965,317,1791,70,529,6900,3344,0,0,2021-10-27 13:25
201912,경기부천오정경찰서,5031,849,14,788,375,51,2186,391,377,2376,1688,967,106,204,668,849,813,874,544,973,580,767,715,755,753,790,671,773,133,32,741,40,167,1963,1182,0,0,2021-10-27 13:25
201912,경기부천소사경찰서,6185,1022,99,958,291,132,2558,738,387,2929,2021,1235,133,295,894,880,901,1027,805,1250,699,942,902,985,932,928,797,1118,162,70,899,54,360,2102,1420,0,0,2021-10-27 13:25
201912,경기동두천경찰서,3123,691,2,384,130,35,1264,291,326,1464,945,714,55,133,374,375,527,506,437,716,361,461,456,463,454,501,427,410,192,41,297,16,147,1183,837,0,0,2021-10-27 13:25
201912,경기남양주경찰서,15756,3565,13,1925,1029,221,6647,757,1599,7300,4328,4128,396,651,1857,2137,2544,2419,1607,4145,1812,2311,2415,2382,2361,2504,1971,2839,547,123,1793,140,436,6400,3478,0,0,2021-10-27 13:25
201912,경기남부지방경찰청,3672,98,100,898,202,246,479,101,1548,1061,767,1844,288,137,346,315,373,224,125,1864,289,611,568,557,692,581,374,684,217,67,416,13,44,435,1796,0,0,2021-10-27 13:25
201912,경기김포경찰서,11408,2293,231,1754,652,146,4030,419,1883,5074,3155,3179,250,524,1364,1730,1712,1579,1057,3192,1320,1759,1651,1748,1685,1815,1430,1961,313,86,1293,52,309,4679,2715,0,0,2021-10-27 13:25
201912,경기군포경찰서,5581,997,15,731,360,47,2202,696,533,2598,1759,1224,138,237,826,805,859,906,572,1238,595,820,829,899,804,908,726,1039,243,121,867,50,226,2042,993,0,0,2021-10-27 13:25
201912,경기구리경찰서,6831,1054,27,747,441,91,3002,471,998,3058,1962,1811,140,298,932,850,1063,1088,637,1823,903,987,989,952,1027,1043,930,1071,564,103,732,58,275,2900,1128,0,0,2021-10-27 13:25
201912,경기광주경찰서,9656,2202,30,961,704,245,4029,418,1067,4132,2589,2935,193,312,895,1336,1482,1464,1012,2962,1068,1405,1428,1483,1561,1481,1230,1771,304,55,963,45,237,4328,1953,0,0,2021-10-27 13:25
201912,경기광명경찰서,8604,1232,13,1165,481,37,3943,680,1053,3986,2679,1939,193,471,1207,1195,1294,1367,924,1953,1098,1268,1267,1182,1246,1297,1246,1397,445,103,1177,70,289,3627,1496,0,0,2021-10-27 13:25
201912,경기과천경찰서,1794,368,22,249,92,21,518,59,465,775,442,577,36,57,174,205,246,309,187,580,260,267,212,231,257,282,285,427,11,3,138,2,46,793,374,0,0,2021-10-27 13:25
201912,경기고양경찰서,11493,2479,87,1341,654,135,5101,753,943,5343,3235,2915,251,491,1481,1513,1735,1836,1247,2939,1308,1794,1698,1765,1722,1725,1481,2145,381,136,1420,98,460,4777,2076,0,0,2021-10-27 13:25
201912,경기가평경찰서,2538,833,14,159,287,14,826,122,283,1084,578,876,35,73,285,247,342,353,323,880,388,333,328,342,324,419,404,444,80,110,211,5,53,1097,538,0,0,2021-10-27 13:25
201912,강원횡성경찰서,1062,312,7,59,162,3,371,14,134,435,280,347,21,29,63,61,143,223,175,347,120,173,151,162,148,171,137,185,24,15,118,8,39,466,207,0,0,2021-10-27 13:25
201912,강원화천경찰서,563,129,6,67,70,33,174,8,76,236,144,183,12,23,49,59,63,89,85,183,57,91,103,96,73,69,74,97,13,5,72,1,20,285,70,0,0,2021-10-27 13:25
201912,강원홍천경찰서,2395,585,66,200,409,69,756,46,264,1010,614,771,30,108,194,207,330,401,348,777,272,337,390,335,360,415,286,414,76,32,294,7,90,1040,442,0,0,2021-10-27 13:25
201912,강원평창경찰서,1066,351,9,51,138,4,364,27,122,456,282,328,14,31,73,89,143,208,177,331,120,167,172,154,151,171,131,167,42,22,147,4,21,416,247,0,0,2021-10-27 13:25
201912,강원태백경찰서,1358,262,30,182,196,17,419,27,225,577,384,397,20,41,84,147,219,244,204,399,143,207,191,192,232,216,177,194,55,33,195,7,40,589,245,0,0,2021-10-27 13:25
201912,강원춘천경찰서,7840,1553,16,757,601,42,3935,322,614,3709,2379,1752,130,417,1142,1021,1169,1223,972,1766,886,1188,1191,1180,1175,1204,1016,1305,322,88,830,33,298,3435,1529,0,0,2021-10-27 13:25
201912,강원철원경찰서,780,275,1,71,151,7,156,3,116,323,187,270,16,24,68,73,75,132,121,271,83,115,119,122,109,128,104,117,26,10,113,1,40,300,173,0,0,2021-10-27 13:25
201912,강원지방경찰청,1543,34,3,272,82,47,281,3,821,359,300,884,50,25,89,110,166,148,69,886,155,201,274,253,249,257,154,372,23,15,227,11,13,522,360,0,0,2021-10-27 13:25
201912,강원정선경찰서,1603,439,76,192,160,6,509,40,181,762,436,405,7,32,104,197,284,359,213,407,189,244,256,259,225,237,193,335,77,61,137,7,155,519,312,0,0,2021-10-27 13:25
201912,강원인제경찰서,649,174,0,88,106,23,152,3,103,280,146,223,7,21,75,54,76,99,94,223,93,98,79,97,99,106,77,89,19,33,86,2,8,245,167,0,0,2021-10-27 13:25
201912,강원원주경찰서,11243,2178,141,1301,1037,196,5201,401,788,5179,3325,2739,223,509,1452,1466,1757,1804,1265,2767,1302,1737,1715,1712,1689,1729,1359,1676,511,129,1356,66,398,4930,2177,0,0,2021-10-27 13:25
201912,강원영월경찰서,773,212,27,50,132,6,267,14,65,369,197,207,13,35,47,58,119,138,156,207,109,133,107,104,97,123,100,160,15,6,75,6,14,307,190,0,0,2021-10-27 13:25
201912,강원양구경찰서,480,115,72,40,69,8,120,3,53,204,127,149,12,11,46,37,70,82,71,151,59,80,73,86,63,61,58,145,12,1,56,1,10,176,79,0,0,2021-10-27 13:25
201912,강원속초경찰서,4057,785,9,383,286,15,1805,318,456,1816,1191,1050,51,117,373,518,642,775,526,1055,478,618,620,595,586,612,548,741,218,114,651,31,150,1826,326,0,0,2021-10-27 13:25
201912,강원삼척경찰서,1900,343,18,67,309,21,950,88,104,830,645,425,42,64,176,184,336,368,301,429,184,287,288,305,275,282,279,266,125,33,212,21,59,907,277,0,0,2021-10-27 13:25
201912,강원동해경찰서,2023,367,0,57,395,21,940,146,97,895,679,449,48,83,167,252,344,391,289,449,238,342,285,303,272,329,254,363,152,29,329,7,66,878,199,0,0,2021-10-27 13:25
201912,강원고성경찰서,763,150,0,64,80,12,285,47,125,317,192,254,9,14,44,73,106,149,113,255,91,116,117,107,102,119,111,97,16,20,92,2,11,425,100,0,0,2021-10-27 13:25
201912,강원강릉경찰서,6496,1273,93,865,672,112,2839,329,313,3006,2023,1467,107,337,837,809,1004,1063,856,1483,765,955,948,958,961,1072,837,1155,411,155,764,37,220,2731,1023,0,0,2021-10-27 13:25
